dzongkhag_id,year,forest_class_id,forest_area_ha,carbon_stock_tco2
1,2015,1,708.09,111877.50
1,2015,2,4315.95,716447.48
1,2015,3,2339.58,407087.26
1,2015,4,984.99,179268.90
1,2015,5,4327.06,822142.21
1,2015,6,4001.07,792211.19
1,2015,7,1857.91,382729.40
1,2015,8,614.34,131468.02
1,2015,9,2415.20,536173.68
1,2016,1,4280.41,678445.08
1,2016,2,5854.41,974758.67
1,2016,3,3144.16,548655.38
1,2016,4,822.45,150097.48
1,2016,5,4974.85,947708.95
1,2016,6,1732.83,343966.79
1,2016,7,1999.03,412799.52
1,2016,8,1823.94,391235.24
1,2016,9,2412.78,536843.27
1,2017,1,2203.93,350425.36
1,2017,2,11771.43,1965829.43
1,2017,3,5659.78,990461.88
1,2017,4,6467.05,1183471.05
1,2017,5,8380.25,1600628.56
1,2017,6,10650.43,2119435.29
1,2017,7,2634.89,545423.19
1,2017,8,6216.15,1336471.82
1,2017,9,3883.06,865923.11
1,2018,1,6688.16,1066761.98
1,2018,2,4250.79,712006.53
1,2018,3,4963.58,871108.80
1,2018,4,6127.89,1124468.71
1,2018,5,6078.16,1163968.01
1,2018,6,7399.68,1476235.21
1,2018,7,5990.33,1242994.07
1,2018,8,3118.48,672031.87
1,2018,9,4377.83,978444.72
1,2019,1,10922.24,1747558.55
1,2019,2,6497.12,1091516.19
1,2019,3,5267.44,927069.88
1,2019,4,3017.96,555304.21
1,2019,5,4517.81,867419.40
1,2019,6,3440.80,688159.26
1,2019,7,10739.83,2233885.43
1,2019,8,9475.49,2046704.95
1,2019,9,1710.49,383149.25
1,2020,1,11255.15,1806452.35
1,2020,2,15500.38,2611814.86
1,2020,3,19662.53,3470437.00
1,2020,4,19204.30,3543194.25
1,2020,5,3578.69,688897.80
1,2020,6,13533.82,2713531.84
1,2020,7,6554.03,1366515.26
1,2020,8,16384.50,3547243.56
1,2020,9,18190.06,4083669.12
1,2021,1,5243.74,844241.73
1,2021,2,1527.66,258173.96
1,2021,3,4526.87,801255.98
1,2021,4,4291.97,794014.35
1,2021,5,2175.20,419814.33
1,2021,6,4492.04,902899.67
1,2021,7,4520.73,944832.16
1,2021,8,1320.51,286550.90
1,2021,9,3312.13,745228.74
1,2022,1,12193.27,1969213.42
1,2022,2,15500.65,2627360.97
1,2022,3,1959.89,347879.86
1,2022,4,12238.13,2270172.65
1,2022,5,16013.97,3098703.36
1,2022,6,10144.51,2044119.70
1,2022,7,10136.91,2123682.21
1,2022,8,4406.21,958351.03
1,2022,9,16632.29,3750581.19
2,2015,1,9678.62,1529222.68
2,2015,2,6685.06,1109719.94
2,2015,3,9649.37,1678989.69
2,2015,4,3109.33,565898.49
2,2015,5,5435.99,1032837.48
2,2015,6,5210.22,1031623.74
2,2015,7,10237.90,2109008.10
2,2015,8,1645.45,352125.69
2,2015,9,16635.24,3693023.78
2,2016,1,1572.05,249170.60
2,2016,2,5571.92,927725.39
2,2016,3,6948.60,1212529.96
2,2016,4,6440.49,1175389.59
2,2016,5,2889.09,550371.28
2,2016,6,831.51,165054.15
2,2016,7,4683.02,967043.39
2,2016,8,6937.98,1488196.43
2,2016,9,5963.62,1326904.98
2,2017,1,15227.31,2421143.03
2,2017,2,16810.63,2807375.71
2,2017,3,7506.76,1313683.13
2,2017,4,16515.25,3022290.03
2,2017,5,7855.55,1500410.56
2,2017,6,3186.51,634114.92
2,2017,7,6368.27,1318232.29
2,2017,8,3747.93,805805.41
2,2017,9,4081.63,910202.42
2,2018,1,15412.56,2458303.86
2,2018,2,18330.05,3070284.09
2,2018,3,12947.12,2272218.80
2,2018,4,4738.69,869549.78
2,2018,5,18469.70,3536948.36
2,2018,6,13714.08,2735959.01
2,2018,7,17780.20,3689392.32
2,2018,8,15328.73,3303342.27
2,2018,9,5586.09,1248491.48
2,2019,1,3371.76,539482.23
2,2019,2,4981.67,836921.13
2,2019,3,9655.40,1699350.69
2,2019,4,2783.95,512246.69
2,2019,5,10149.29,1948662.82
2,2019,6,12842.73,2568545.45
2,2019,7,12841.63,2671058.18
2,2019,8,6019.81,1300278.53
2,2019,9,13399.83,3001561.38
2,2020,1,2318.36,372097.22
2,2020,2,12300.63,2072656.89
2,2020,3,17881.01,3155998.00
2,2020,4,18695.23,3449269.73
2,2020,5,5619.70,1081792.67
2,2020,6,11655.50,2336927.49
2,2020,7,18155.07,3785332.70
2,2020,8,4214.29,912392.72
2,2020,9,14804.14,3323529.11
2,2021,1,7935.95,1277687.29
2,2021,2,1964.14,331938.86
2,2021,3,7224.31,1278703.20
2,2021,4,1383.73,255989.75
2,2021,5,5931.29,1144739.20
2,2021,6,5419.06,1089230.81
2,2021,7,7234.09,1511924.24
2,2021,8,4007.86,869705.51
2,2021,9,2677.72,602486.28
2,2022,1,1257.38,203067.24
2,2022,2,2672.64,453012.82
2,2022,3,1558.92,276708.70
2,2022,4,758.96,140786.64
2,2022,5,3641.40,704611.80
2,2022,6,6239.03,1257164.93
2,2022,7,8011.39,1678386.54
2,2022,8,7377.81,1604673.97
2,2022,9,4444.30,1002190.25
3,2015,1,6009.30,949469.32
3,2015,2,1873.68,311031.48
3,2015,3,5390.40,937928.75
3,2015,4,8967.58,1632098.96
3,2015,5,6985.50,1327245.17
3,2015,6,7322.15,1449785.15
3,2015,7,2443.22,503304.26
3,2015,8,1615.84,345789.88
3,2015,9,8797.46,1953036.11
3,2016,1,3403.63,539475.79
3,2016,2,8548.67,1423353.16
3,2016,3,1416.03,247096.61
3,2016,4,2195.61,400698.77
3,2016,5,3864.86,736256.65
3,2016,6,6762.97,1342450.40
3,2016,7,5259.66,1086119.43
3,2016,8,8113.47,1740339.85
3,2016,9,1569.69,349256.92
3,2017,1,8789.55,1397539.02
3,2017,2,7177.24,1198598.32
3,2017,3,1613.37,282339.46
3,2017,4,12839.16,2349567.12
3,2017,5,3263.82,623389.38
3,2017,6,12190.22,2425854.68
3,2017,7,3166.60,655486.21
3,2017,8,2478.78,532937.11
3,2017,9,3763.29,839213.74
3,2018,1,5309.15,846810.12
3,2018,2,5474.59,916994.26
3,2018,3,5527.44,970066.41
3,2018,4,2432.58,446378.96
3,2018,5,2540.86,486574.61
3,2018,6,2248.00,448475.44
3,2018,7,996.54,206781.86
3,2018,8,4473.84,964112.28
3,2018,9,6259.22,1398936.53
3,2019,1,2834.22,453474.76
3,2019,2,3244.91,545145.44
3,2019,3,2426.58,427078.31
3,2019,4,4686.62,862338.41
3,2019,5,4306.51,826849.33
3,2019,6,1843.08,368615.53
3,2019,7,773.31,160847.87
3,2019,8,1665.69,359788.64
3,2019,9,2409.74,539782.21
3,2020,1,4857.68,779657.45
3,2020,2,2101.84,354159.70
3,2020,3,2560.52,451931.22
3,2020,4,3032.14,559430.45
3,2020,5,3917.15,754052.01
3,2020,6,983.80,197252.23
3,2020,7,3315.38,691257.67
3,2020,8,1466.31,317456.90
3,2020,9,5072.43,1138761.59
3,2021,1,5005.65,805908.88
3,2021,2,3332.01,563110.32
3,2021,3,5182.50,917302.27
3,2021,4,2992.17,553551.69
3,2021,5,3380.31,652400.17
3,2021,6,1482.50,297981.58
3,2021,7,7816.38,1633623.36
3,2021,8,7038.93,1527448.16
3,2021,9,1703.24,383228.44
3,2022,1,5653.14,912982.28
3,2022,2,9436.21,1599438.09
3,2022,3,6078.61,1078953.97
3,2022,4,5760.25,1068525.54
3,2022,5,8291.32,1604370.45
3,2022,6,8093.98,1630936.59
3,2022,7,4570.75,957571.22
3,2022,8,5600.84,1218182.48
3,2022,9,8521.31,1921556.25
4,2015,1,10452.20,1651447.64
4,2015,2,6135.78,1018538.90
4,2015,3,1905.43,331545.05
4,2015,4,10677.11,1943234.35
4,2015,5,8670.35,1647367.20
4,2015,6,6410.90,1269358.27
4,2015,7,10652.39,2194391.66
4,2015,8,9587.58,2051742.61
4,2015,9,8278.83,1837901.35
4,2016,1,2794.02,442851.61
4,2016,2,10872.43,1810259.76
4,2016,3,3461.15,603970.46
4,2016,4,13753.93,2510092.65
4,2016,5,13599.15,2590638.11
4,2016,6,11522.76,2287266.97
4,2016,7,2868.90,592428.53
4,2016,8,6638.39,1423935.71
4,2016,9,13803.55,3071290.04
4,2017,1,11077.49,1761320.50
4,2017,2,7341.72,1226066.60
4,2017,3,9430.29,1650301.38
4,2017,4,3613.04,661187.00
4,2017,5,10204.58,1949075.20
4,2017,6,10238.60,2037481.10
4,2017,7,1686.07,349016.51
4,2017,8,4927.61,1059435.65
4,2017,9,5021.05,1119694.16
4,2018,1,3222.45,513981.04
4,2018,2,4781.05,800825.70
4,2018,3,8338.49,1463405.55
4,2018,4,7593.99,1393497.82
4,2018,5,6193.55,1186065.16
4,2018,6,5332.73,1063878.89
4,2018,7,4450.72,923525.23
4,2018,8,4406.60,949621.86
4,2018,9,2126.02,475166.19
4,2019,1,10498.88,1679820.91
4,2019,2,12716.04,2136294.71
4,2019,3,12535.98,2206331.81
4,2019,4,8105.34,1491381.95
4,2019,5,2458.33,471999.31
4,2019,6,4722.33,944466.35
4,2019,7,7774.48,1617092.38
4,2019,8,5429.00,1172663.67
4,2019,9,6248.74,1399716.83
4,2020,1,5482.60,879957.50
4,2020,2,6637.74,1118458.37
4,2020,3,1287.04,227162.08
4,2020,4,3514.86,648490.87
4,2020,5,2283.10,439496.19
4,2020,6,6634.86,1330289.81
4,2020,7,7430.74,1549309.23
4,2020,8,1299.37,281312.85
4,2020,9,9265.00,2079991.62
4,2021,1,2916.99,469636.14
4,2021,2,7308.05,1235061.13
4,2021,3,8820.95,1561308.22
4,2021,4,8615.27,1593824.08
4,2021,5,1038.92,200512.03
4,2021,6,7927.06,1593338.19
4,2021,7,3482.76,727897.76
4,2021,8,3286.54,713180.02
4,2021,9,5112.13,1150229.82
4,2022,1,2724.81,440056.37
4,2022,2,13319.04,2257577.65
4,2022,3,3221.99,571904.04
4,2022,4,14766.82,2739245.40
4,2022,5,7465.90,1444652.14
4,2022,6,12726.89,2564467.49
4,2022,7,5078.25,1063894.19
4,2022,8,7103.85,1545086.77
4,2022,9,10248.81,2311107.52
5,2015,1,2064.86,326248.11
5,2015,2,6126.93,1017070.95
5,2015,3,5576.39,970291.65
5,2015,4,5699.39,1037288.20
5,2015,5,6413.53,1218570.03
5,2015,6,6107.36,1209256.91
5,2015,7,4079.91,840462.43
5,2015,8,1717.27,367496.23
5,2015,9,2726.20,605216.00
5,2016,1,2614.57,414408.76
5,2016,2,10554.75,1757365.73
5,2016,3,10865.83,1896086.67
5,2016,4,1430.70,261102.22
5,2016,5,3248.25,618791.55
5,2016,6,10350.98,2054670.02
5,2016,7,10395.88,2146749.56
5,2016,8,3877.64,831754.04
5,2016,9,6173.87,1373686.62
5,2017,1,13560.04,2156046.56
5,2017,2,6302.43,1052506.06
5,2017,3,15563.33,2723582.70
5,2017,4,10197.85,1866207.08
5,2017,5,12393.45,2367148.18
5,2017,6,3772.80,750787.76
5,2017,7,2200.31,455463.70
5,2017,8,7962.22,1711876.31
5,2017,9,11696.32,2608280.37
5,2018,1,6294.70,1004005.44
5,2018,2,4455.22,746249.89
5,2018,3,2917.22,511972.10
5,2018,4,1709.19,313637.20
5,2018,5,6450.45,1235260.29
5,2018,6,5506.51,1098548.29
5,2018,7,5116.62,1061698.66
5,2018,8,2497.63,538238.42
5,2018,9,3155.95,705354.49
5,2019,1,4222.25,675560.59
5,2019,2,6688.43,1123656.57
5,2019,3,6011.33,1057994.39
5,2019,4,4694.07,863709.18
5,2019,5,4884.47,937818.89
5,2019,6,2318.10,463620.92
5,2019,7,3200.06,665613.25
5,2019,8,754.01,162866.87
5,2019,9,5528.93,1238479.53
5,2020,1,1605.81,257732.78
5,2020,2,14915.83,2513316.52
5,2020,3,11020.75,1945163.18
5,2020,4,10339.05,1907555.09
5,2020,5,1599.41,307886.06
5,2020,6,5196.36,1041869.35
5,2020,7,13346.41,2782726.13
5,2020,8,5978.92,1294435.33
5,2020,9,15734.36,3532364.24
5,2021,1,6808.63,1096189.70
5,2021,2,6193.40,1046684.86
5,2021,3,5832.49,1032349.96
5,2021,4,4575.41,846450.38
5,2021,5,7366.15,1421666.43
5,2021,6,10102.28,2030558.04
5,2021,7,12014.53,2511036.53
5,2021,8,6462.17,1402290.86
5,2021,9,2629.73,591688.45
5,2022,1,8508.80,1374170.49
5,2022,2,10528.17,1784525.38
5,2022,3,5292.97,939502.08
5,2022,4,8341.23,1547297.97
5,2022,5,7913.84,1531328.89
5,2022,6,4447.47,896164.47
5,2022,7,2322.69,486604.53
5,2022,8,1828.62,397724.16
5,2022,9,12147.41,2739240.00
6,2015,1,12468.94,1970092.04
6,2015,2,4683.47,777456.19
6,2015,3,10518.53,1830224.02
6,2015,4,12869.43,2342235.78
6,2015,5,5171.65,982614.13
6,2015,6,3241.16,641750.61
6,2015,7,11223.75,2312093.40
6,2015,8,12964.27,2774353.34
6,2015,9,11741.91,2606703.91
6,2016,1,10663.67,1690192.01
6,2016,2,11585.23,1928940.58
6,2016,3,11893.32,2075385.13
6,2016,4,12510.68,2283199.62
6,2016,5,11507.09,2192100.02
6,2016,6,16717.85,3318492.87
6,2016,7,5475.17,1130623.35
6,2016,8,7899.36,1694412.51
6,2016,9,7437.94,1654940.98
6,2017,1,3631.84,577462.32
6,2017,2,3020.47,504418.81
6,2017,3,1303.01,228027.42
6,2017,4,3714.90,679826.77
6,2017,5,1448.85,276730.43
6,2017,6,2852.35,567616.84
6,2017,7,3977.14,823267.94
6,2017,8,4523.80,972616.83
6,2017,9,3469.14,773617.48
6,2018,1,10496.43,1674180.61
6,2018,2,10443.35,1749261.89
6,2018,3,10841.44,1902673.33
6,2018,4,3121.28,572755.80
6,2018,5,2193.87,420126.07
6,2018,6,2530.73,504880.40
6,2018,7,3981.90,826244.08
6,2018,8,10084.80,2173275.31
6,2018,9,9580.47,2141235.07
6,2019,1,5117.22,818755.00
6,2019,2,2859.04,480318.24
6,2019,3,1242.37,218656.52
6,2019,4,2988.01,549792.98
6,2019,5,5540.51,1063778.59
6,2019,6,2671.68,534336.63
6,2019,7,5828.50,1212327.86
6,2019,8,2830.72,611434.62
6,2019,9,2366.33,530058.99
6,2020,1,7720.73,1239177.60
6,2020,2,4630.88,780303.81
6,2020,3,7843.94,1384455.45
6,2020,4,5548.38,1023676.27
6,2020,5,8476.29,1631686.63
6,2020,6,1389.71,278636.75
6,2020,7,8030.89,1674440.58
6,2020,8,4873.90,1055200.25
6,2020,9,7852.90,1762977.00
6,2021,1,3721.98,599239.56
6,2021,2,1439.46,243268.38
6,2021,3,8915.81,1578099.14
6,2021,4,2217.79,410291.38
6,2021,5,2805.78,541515.90
6,2021,6,4757.57,956271.04
6,2021,7,6254.48,1307187.32
6,2021,8,9405.23,2040935.11
6,2021,9,5209.60,1172159.03
6,2022,1,6875.57,1110404.54
6,2022,2,7408.92,1255811.77
6,2022,3,4952.94,879146.04
6,2022,4,6162.14,1143077.81
6,2022,5,2333.45,451523.30
6,2022,6,6191.36,1247559.52
6,2022,7,882.67,184919.09
6,2022,8,3148.60,684821.36
6,2022,9,7259.32,1636975.63
7,2015,1,5498.53,868768.06
7,2015,2,3749.99,622498.94
7,2015,3,5492.71,955732.40
7,2015,4,1196.03,217678.06
7,2015,5,4544.43,863442.56
7,2015,6,4665.33,923735.99
7,2015,7,3201.82,659575.84
7,2015,8,6776.00,1450063.37
7,2015,9,3074.12,682455.69
7,2016,1,1355.79,214893.35
7,2016,2,2142.28,356688.99
7,2016,3,516.56,90139.51
7,2016,4,1911.85,348911.95
7,2016,5,4225.80,805015.58
7,2016,6,1315.78,261181.58
7,2016,7,3517.24,726309.14
7,2016,8,3290.55,705823.12
7,2016,9,1579.52,351444.31
7,2017,1,6091.75,968587.46
7,2017,2,3138.49,524128.11
7,2017,3,6629.16,1160103.18
7,2017,4,9441.23,1727744.19
7,2017,5,3660.67,699188.40
7,2017,6,12665.30,2520393.73
7,2017,7,5459.09,1130032.18
7,2017,8,5357.99,1151968.62
7,2017,9,11349.03,2530834.69
7,2018,1,5406.90,862401.28
7,2018,2,12200.67,2043611.92
7,2018,3,13528.18,2374196.42
7,2018,4,5467.39,1003265.52
7,2018,5,12366.27,2368140.20
7,2018,6,5671.37,1131438.58
7,2018,7,3561.82,739078.62
7,2018,8,12942.98,2789212.44
7,2018,9,12574.00,2810289.16
7,2019,1,3168.41,506945.57
7,2019,2,7980.10,1340656.33
7,2019,3,2230.55,392577.47
7,2019,4,8046.74,1480600.16
7,2019,5,6653.80,1277529.58
7,2019,6,2595.03,519005.15
7,2019,7,4501.43,936298.09
7,2019,8,7240.83,1564018.32
7,2019,9,1325.21,296847.34
7,2020,1,5789.27,929177.11
7,2020,2,10328.14,1740291.58
7,2020,3,2417.75,426732.92
7,2020,4,17812.22,3286354.32
7,2020,5,12398.48,2386708.04
7,2020,6,12261.76,2458483.76
7,2020,7,1948.39,406239.79
7,2020,8,12850.51,2782134.58
7,2020,9,8408.77,1887769.89
7,2021,1,6034.97,971630.40
7,2021,2,5355.41,905065.05
7,2021,3,2360.04,417727.76
7,2021,4,7414.01,1371592.73
7,2021,5,6809.10,1314155.58
7,2021,6,3739.83,751705.91
7,2021,7,7101.42,1484196.74
7,2021,8,7109.05,1542663.87
7,2021,9,3449.50,776137.83
7,2022,1,2959.54,477964.95
7,2022,2,11613.50,1968488.98
7,2022,3,2557.10,453885.31
7,2022,4,10217.29,1895306.56
7,2022,5,2717.08,525755.70
7,2022,6,2670.64,538133.38
7,2022,7,2573.94,539240.47
7,2022,8,3726.78,810573.79
7,2022,9,3740.54,843491.06
8,2015,1,4786.96,756338.94
8,2015,2,2317.43,384693.01
8,2015,3,6171.93,1073916.29
8,2015,4,3037.05,552743.87
8,2015,5,1070.90,203471.53
8,2015,6,4581.15,907066.93
8,2015,7,2363.68,486917.87
8,2015,8,7936.37,1698383.87
8,2015,9,3307.86,734344.99
8,2016,1,3116.11,493903.56
8,2016,2,4066.12,677008.30
8,2016,3,3776.78,659047.76
8,2016,4,3105.57,566765.77
8,2016,5,1006.13,191667.42
8,2016,6,767.62,152371.96
8,2016,7,2470.27,510110.60
8,2016,8,3325.82,713389.10
8,2016,9,812.88,180865.31
8,2017,1,2511.02,399252.08
8,2017,2,8254.80,1378551.25
8,2017,3,3002.83,525495.95
8,2017,4,4278.63,782988.76
8,2017,5,1515.05,289374.36
8,2017,6,2082.92,414501.79
8,2017,7,1057.34,218868.68
8,2017,8,2961.47,636716.37
8,2017,9,6836.34,1524504.47
8,2018,1,7025.21,1120520.27
8,2018,2,1633.68,273641.00
8,2018,3,7189.95,1261835.68
8,2018,4,1222.24,224281.79
8,2018,5,7975.75,1527356.06
8,2018,6,6395.31,1275864.68
8,2018,7,2266.32,470262.37
8,2018,8,3833.12,826037.06
8,2018,9,4504.92,1006849.21
8,2019,1,12431.82,1989091.80
8,2019,2,2451.50,411852.68
8,2019,3,11624.89,2045981.41
8,2019,4,3593.94,661285.04
8,2019,5,6362.53,1221605.33
8,2019,6,13496.96,2699392.95
8,2019,7,4724.25,982644.08
8,2019,8,6171.16,1332970.62
8,2019,9,12078.57,2705598.82
8,2020,1,11381.41,1826716.10
8,2020,2,13631.76,2296951.27
8,2020,3,3238.16,571535.01
8,2020,4,12100.66,2232571.29
8,2020,5,2411.20,464156.21
8,2020,6,15844.03,3176727.13
8,2020,7,3942.44,821999.49
8,2020,8,7842.89,1697986.19
8,2020,9,10498.43,2356897.27
8,2021,1,11856.26,1908857.24
8,2021,2,4284.08,724009.26
8,2021,3,7307.42,1293413.92
8,2021,4,6985.24,1292270.19
8,2021,5,1962.09,378683.58
8,2021,6,11948.73,2401694.29
8,2021,7,14295.51,2987762.13
8,2021,8,16350.39,3548035.35
8,2021,9,3513.27,790486.74
8,2022,1,3595.57,580684.73
8,2022,2,8633.33,1463348.95
8,2022,3,2464.83,437506.65
8,2022,4,6106.04,1132670.43
8,2022,5,6994.64,1353463.72
8,2022,6,13585.59,2737497.13
8,2022,7,13135.77,2751944.79
8,2022,8,14648.72,3186096.27
8,2022,9,11425.61,2576474.02
9,2015,1,12837.92,2028391.45
9,2015,2,9168.98,1522050.36
9,2015,3,5220.24,908321.01
9,2015,4,7421.27,1350670.31
9,2015,5,9535.05,1811658.93
9,2015,6,2325.37,460422.72
9,2015,7,9072.14,1868859.88
9,2015,8,4151.61,888444.90
9,2015,9,5308.95,1178587.50
9,2016,1,6530.39,1035066.05
9,2016,2,12647.03,2105729.87
9,2016,3,8866.67,1547234.09
9,2016,4,14650.53,2673721.30
9,2016,5,2081.72,396567.23
9,2016,6,10012.20,1987421.00
9,2016,7,3460.33,714558.83
9,2016,8,12779.18,2741134.78
9,2016,9,12819.93,2852434.87
9,2017,1,2827.89,449634.36
9,2017,2,9568.02,1597859.95
9,2017,3,5512.84,964747.13
9,2017,4,17306.19,3167033.12
9,2017,5,2431.44,464405.90
9,2017,6,5218.75,1038531.54
9,2017,7,12020.79,2488304.15
9,2017,8,8138.90,1749864.44
9,2017,9,5417.56,1208115.73
9,2018,1,9397.74,1498940.13
9,2018,2,5715.20,957296.29
9,2018,3,9974.67,1750553.90
9,2018,4,5704.46,1046767.81
9,2018,5,2280.53,436720.97
9,2018,6,6229.01,1242686.63
9,2018,7,7855.66,1630050.41
9,2018,8,2113.03,455357.46
9,2018,9,5342.32,1194008.57
9,2019,1,1181.99,189117.76
9,2019,2,2252.54,378426.01
9,2019,3,8309.48,1462468.81
9,2019,4,8484.86,1561214.49
9,2019,5,4774.19,916644.25
9,2019,6,7178.28,1435656.89
9,2019,7,3620.79,753125.12
9,2019,8,9103.27,1966306.24
9,2019,9,12394.02,2776259.66
9,2020,1,1401.87,224999.68
9,2020,2,2934.29,494427.97
9,2020,3,5038.26,889253.60
9,2020,4,5998.66,1106751.88
9,2020,5,6540.29,1259006.38
9,2020,6,5207.95,1044193.59
9,2020,7,6880.22,1434526.48
9,2020,8,7414.04,1605139.33
9,2020,9,1944.79,436604.53
9,2021,1,4707.31,757877.62
9,2021,2,6457.27,1091277.98
9,2021,3,13604.65,2408022.51
9,2021,4,15573.17,2881037.37
9,2021,5,5734.91,1106837.13
9,2021,6,9099.94,1829087.93
9,2021,7,11735.05,2452625.39
9,2021,8,2132.80,462818.39
9,2021,9,3864.72,869561.92
9,2022,1,4873.60,787086.29
9,2022,2,4901.66,830831.15
9,2022,3,1234.79,219175.59
9,2022,4,4241.15,786732.73
9,2022,5,1715.57,331962.20
9,2022,6,6146.57,1238533.36
9,2022,7,2940.76,616089.79
9,2022,8,3323.50,722860.65
9,2022,9,5258.81,1185861.32
10,2015,1,2916.00,460727.79
10,2015,2,7220.61,1198620.79
10,2015,3,14408.73,2507119.89
10,2015,4,13157.37,2394640.89
10,2015,5,9667.49,1836822.17
10,2015,6,12240.58,2423635.71
10,2015,7,7726.35,1591627.89
10,2015,8,10644.96,2278022.10
10,2015,9,14823.66,3290853.34
10,2016,1,3524.05,558561.80
10,2016,2,3709.63,617654.03
10,2016,3,874.33,152570.53
10,2016,4,6092.69,1111915.93
10,2016,5,5524.84,1052482.57
10,2016,6,3430.50,680954.00
10,2016,7,3579.98,739266.04
10,2016,8,6009.44,1289025.39
10,2016,9,1631.31,362966.43
10,2017,1,10048.79,1597757.17
10,2017,2,2763.37,461481.97
10,2017,3,5897.49,1032060.96
10,2017,4,8476.44,1551188.47
10,2017,5,11890.39,2271063.63
10,2017,6,7309.59,1454608.07
10,2017,7,5864.30,1213910.57
10,2017,8,13061.70,2808265.85
10,2017,9,12292.27,2741176.55
10,2018,1,5481.86,874357.30
10,2018,2,15606.37,2614066.77
10,2018,3,15707.59,2756681.42
10,2018,4,8112.04,1488559.45
10,2018,5,3424.32,655757.68
10,2018,6,7523.64,1500966.19
10,2018,7,11738.81,2435802.19
10,2018,8,12449.18,2682797.30
10,2018,9,5853.35,1308223.78
10,2019,1,13277.86,2124458.00
10,2019,2,11220.85,1885102.94
10,2019,3,14311.73,2518864.47
10,2019,4,10124.98,1862995.44
10,2019,5,4158.56,798444.30
10,2019,6,10008.66,2001732.51
10,2019,7,5398.17,1122818.96
10,2019,8,6154.37,1329343.30
10,2019,9,10674.92,2391181.09
10,2020,1,13305.56,2135541.60
10,2020,2,18773.33,3163306.48
10,2020,3,10712.28,1890717.90
10,2020,4,14090.06,2599615.96
10,2020,5,7492.50,1442305.40
10,2020,6,3821.01,766112.20
10,2020,7,8022.11,1672609.79
10,2020,8,10295.01,2228868.84
10,2020,9,11896.25,2670707.61
10,2021,1,6903.26,1111424.83
10,2021,2,11310.74,1911514.97
10,2021,3,12558.32,2222823.14
10,2021,4,5148.36,952446.04
10,2021,5,12637.19,2438977.15
10,2021,6,12116.97,2435510.69
10,2021,7,8307.34,1736234.77
10,2021,8,1671.16,362640.76
10,2021,9,3272.71,736359.24
10,2022,1,4013.76,648222.49
10,2022,2,11378.50,1928655.91
10,2022,3,3492.24,619873.33
10,2022,4,5174.29,959831.13
10,2022,5,4691.75,907854.35
10,2022,6,12572.27,2533312.70
10,2022,7,10580.97,2216713.72
10,2022,8,5288.39,1150224.15
10,2022,9,11424.12,2576140.08
11,2015,1,4069.51,642982.45
11,2015,2,901.50,149648.93
11,2015,3,4309.97,749935.41
11,2015,4,3737.66,680254.75
11,2015,5,4295.75,816193.16
11,2015,6,3750.67,742631.72
11,2015,7,2944.17,606498.58
11,2015,8,1503.07,321657.56
11,2015,9,3937.19,874056.50
11,2016,1,5885.71,932885.55
11,2016,2,11607.69,1932680.65
11,2016,3,15585.64,2719693.62
11,2016,4,7402.79,1351008.85
11,2016,5,16044.44,3056465.66
11,2016,6,16334.76,3242449.70
11,2016,7,6265.53,1293832.69
11,2016,8,9901.54,2123879.64
11,2016,9,1715.21,381633.82
11,2017,1,5417.74,861420.95
11,2017,2,6623.48,1106120.62
11,2017,3,7294.10,1276467.58
11,2017,4,6992.34,1279597.73
11,2017,5,7605.14,1452581.60
11,2017,6,6049.83,1203915.29
11,2017,7,5621.28,1163605.02
11,2017,8,6429.36,1382313.07
11,2017,9,4861.75,1084171.20
11,2018,1,10905.76,1739469.44
11,2018,2,13247.66,2218983.04
11,2018,3,4906.49,861089.83
11,2018,4,3453.24,633668.81
11,2018,5,9742.08,1865608.63
11,2018,6,3572.12,712637.42
11,2018,7,3408.04,707168.79
11,2018,8,7640.81,1646594.16
11,2018,9,5939.89,1327564.44
11,2019,1,6565.40,1050464.23
11,2019,2,2300.46,386477.35
11,2019,3,6839.25,1203708.25
11,2019,4,3549.85,653171.54
11,2019,5,4305.24,826606.93
11,2019,6,8096.17,1619234.37
11,2019,7,2547.83,529948.65
11,2019,8,2536.81,547950.50
11,2019,9,4225.92,946606.95
11,2020,1,4864.56,780761.68
11,2020,2,3371.93,568170.38
11,2020,3,3590.01,633636.50
11,2020,4,2782.66,513401.13
11,2020,5,3169.64,610155.31
11,2020,6,2158.49,432776.92
11,2020,7,4165.54,868514.07
11,2020,8,1968.94,426275.87
11,2020,9,1507.65,338468.19
11,2021,1,1105.62,178004.86
11,2021,2,3978.29,672331.68
11,2021,3,3391.82,600351.85
11,2021,4,4187.98,774776.48
11,2021,5,1261.88,243543.26
11,2021,6,2111.61,424433.60
11,2021,7,2060.04,430548.44
11,2021,8,2839.27,616122.57
11,2021,9,3029.36,681606.45
11,2022,1,6018.24,971946.31
11,2022,2,4450.21,754310.38
11,2022,3,7740.28,1373899.49
11,2022,4,6519.61,1209387.45
11,2022,5,7630.89,1476577.43
11,2022,6,767.96,154744.33
11,2022,7,5427.35,1137029.33
11,2022,8,3851.45,837689.75
11,2022,9,7089.97,1598788.47
12,2015,1,9080.36,1434696.44
12,2015,2,13333.43,2213349.91
12,2015,3,9853.74,1714551.15
12,2015,4,5300.36,964665.72
12,2015,5,12792.43,2430562.38
12,2015,6,13158.29,2605341.78
12,2015,7,6118.06,1260320.37
12,2015,8,8061.75,1725214.51
12,2015,9,4820.51,1070153.67
12,2016,1,15453.35,2449356.28
12,2016,2,7959.68,1325286.85
12,2016,3,15130.04,2640191.55
12,2016,4,9142.83,1668565.75
12,2016,5,2410.77,459251.16
12,2016,6,16729.90,3320886.14
12,2016,7,4902.13,1012289.48
12,2016,8,10288.08,2206792.93
12,2016,9,17566.67,3908584.19
12,2017,1,6700.52,1065382.20
12,2017,2,4047.01,675850.80
12,2017,3,680.85,119149.54
12,2017,4,1049.68,192090.53
12,2017,5,4886.64,933348.61
12,2017,6,5541.59,1102777.00
12,2017,7,6121.19,1267086.77
12,2017,8,3325.34,714947.45
12,2017,9,1293.62,288476.21
12,2018,1,9254.47,1476087.72
12,2018,2,12407.31,2078224.59
12,2018,3,10089.87,1770772.63
12,2018,4,8606.77,1579343.10
12,2018,5,11986.83,2295478.33
12,2018,6,9763.43,1947804.45
12,2018,7,2925.42,607025.61
12,2018,8,6447.06,1389341.67
12,2018,9,4977.06,1112372.06
12,2019,1,806.10,128975.33
12,2019,2,4672.53,784985.69
12,2019,3,3438.68,605208.12
12,2019,4,3526.88,648945.09
12,2019,5,1712.04,328712.51
12,2019,6,1874.04,374808.10
12,2019,7,2550.11,530423.53
12,2019,8,3815.60,824169.35
12,2019,9,2785.21,623887.43
12,2020,1,3276.06,525807.57
12,2020,2,2689.46,453173.85
12,2020,3,3141.02,554389.65
12,2020,4,3043.27,561482.96
12,2020,5,3626.25,698053.98
12,2020,6,2904.56,582364.32
12,2020,7,3392.92,707422.89
12,2020,8,731.17,158298.44
12,2020,9,4355.30,977764.20
12,2021,1,4865.40,783329.10
12,2021,2,2201.77,372098.94
12,2021,3,1023.15,181097.29
12,2021,4,4746.81,878159.09
12,2021,5,2949.64,569279.80
12,2021,6,2716.14,545944.27
12,2021,7,4173.25,872209.12
12,2021,8,3148.84,683297.76
12,2021,9,3475.14,781906.34
12,2022,1,2901.44,468582.92
12,2022,2,5303.54,898950.39
12,2022,3,3815.81,677305.52
12,2022,4,6264.69,1162100.79
12,2022,5,1442.33,279089.97
12,2022,6,4593.27,925543.02
12,2022,7,5993.07,1255548.04
12,2022,8,5288.96,1150348.99
12,2022,9,4900.76,1105121.66
13,2015,1,9680.08,1529453.39
13,2015,2,6027.99,1000647.03
13,2015,3,6042.25,1051351.52
13,2015,4,2059.08,374753.02
13,2015,5,968.78,184067.65
13,2015,6,6425.82,1272313.21
13,2015,7,5876.98,1210657.96
13,2015,8,9657.16,2066631.59
13,2015,9,3732.80,828681.88
13,2016,1,14527.49,2302607.18
13,2016,2,6425.26,1069806.46
13,2016,3,7421.26,1295010.66
13,2016,4,10798.22,1970674.78
13,2016,5,8867.41,1689240.85
13,2016,6,3777.62,749856.58
13,2016,7,4643.78,958939.64
13,2016,8,13531.56,2902519.54
13,2016,9,4260.71,948008.22
13,2017,1,5882.89,935379.14
13,2017,2,6226.78,1039872.49
13,2017,3,6221.14,1088698.72
13,2017,4,6750.68,1235374.21
13,2017,5,7155.73,1366743.65
13,2017,6,3670.12,730353.84
13,2017,7,4248.16,879370.06
13,2017,8,2554.48,549213.72
13,2017,9,1094.39,244048.31
13,2018,1,4437.40,707766.08
13,2018,2,3156.05,528638.50
13,2018,3,2315.75,406414.49
13,2018,4,1226.62,225084.48
13,2018,5,4060.54,777593.71
13,2018,6,1075.21,214504.18
13,2018,7,3867.28,802460.10
13,2018,8,5375.47,1158414.01
13,2018,9,2245.53,501875.93
13,2019,1,7384.81,1181568.87
13,2019,2,4182.13,702597.23
13,2019,3,7053.14,1241352.24
13,2019,4,6861.20,1262461.67
13,2019,5,4788.48,919388.76
13,2019,6,4292.00,858399.35
13,2019,7,5446.34,1132839.55
13,2019,8,1080.72,233434.76
13,2019,9,3568.73,799396.56
13,2020,1,5963.84,957195.86
13,2020,2,3807.21,641514.87
13,2020,3,6676.06,1178324.56
13,2020,4,1663.89,306987.71
13,2020,5,5915.24,1138683.62
13,2020,6,6944.32,1392335.99
13,2020,7,3996.99,833372.18
13,2020,8,3257.69,705289.71
13,2020,9,2879.40,646425.56
13,2021,1,3232.97,520507.44
13,2021,2,8284.08,1400009.98
13,2021,3,11041.02,1954260.76
13,2021,4,11239.39,2079286.97
13,2021,5,2813.64,543031.92
13,2021,6,7486.78,1504842.43
13,2021,7,4258.35,889994.55
13,2021,8,11563.21,2509217.65
13,2021,9,2068.74,465466.51
13,2022,1,599.75,96859.18
13,2022,2,3069.65,520305.73
13,2022,3,663.27,117729.62
13,2022,4,3447.37,639486.24
13,2022,5,2553.76,494152.08
13,2022,6,3488.55,702942.25
13,2022,7,5087.47,1065824.50
13,2022,8,3294.20,716488.11
13,2022,9,3253.12,733579.26
14,2015,1,10287.68,1625454.15
14,2015,2,15737.97,2612502.51
14,2015,3,8376.44,1457500.77
14,2015,4,5813.76,1058104.87
14,2015,5,15683.08,2979784.85
14,2015,6,14983.25,2966682.87
14,2015,7,7031.02,1448390.72
14,2015,8,10154.57,2173077.07
14,2015,9,10976.55,2436793.47
14,2016,1,5753.70,911962.02
14,2016,2,7287.39,1213349.94
14,2016,3,9057.96,1580613.86
14,2016,4,8661.98,1580811.93
14,2016,5,6822.61,1299706.86
14,2016,6,2540.13,504216.41
14,2016,7,5868.07,1211756.70
14,2016,8,5219.13,1119503.83
14,2016,9,2667.23,593458.69
14,2017,1,13124.15,2086740.59
14,2017,2,18452.57,3081579.07
14,2017,3,14446.34,2528109.05
14,2017,4,10084.09,1845387.73
14,2017,5,7928.89,1514417.75
14,2017,6,5509.82,1096454.39
14,2017,7,10155.61,2102211.56
14,2017,8,2814.56,605130.61
14,2017,9,8112.76,1809146.09
14,2018,1,1410.95,225046.78
14,2018,2,4634.85,776337.87
14,2018,3,2121.44,372313.03
14,2018,4,2620.11,480790.74
14,2018,5,2550.98,488513.00
14,2018,6,673.51,134365.74
14,2018,7,4969.98,1031270.07
14,2018,8,1950.44,420319.38
14,2018,9,3696.64,826198.76
14,2019,1,10504.29,1680686.14
14,2019,2,10563.33,1774639.11
14,2019,3,4105.19,722513.16
14,2019,4,7280.65,1339640.25
14,2019,5,3094.29,594103.58
14,2019,6,8515.94,1703188.73
14,2019,7,5257.49,1093558.12
14,2019,8,8512.12,1838617.03
14,2019,9,10570.07,2367696.00
14,2020,1,5350.73,858792.94
14,2020,2,11314.64,1906516.30
14,2020,3,6923.88,1222064.32
14,2020,4,5087.53,938649.36
14,2020,5,10870.66,2092602.78
14,2020,6,6592.38,1321772.31
14,2020,7,6539.01,1363382.74
14,2020,8,7910.60,1712644.80
14,2020,9,6760.60,1517755.53
14,2021,1,1579.17,254247.07
14,2021,2,1052.89,177938.07
14,2021,3,4420.38,782408.03
14,2021,4,1852.14,342646.36
14,2021,5,1705.81,329222.07
14,2021,6,2748.17,552382.68
14,2021,7,4859.32,1015597.73
14,2021,8,1298.09,281686.54
14,2021,9,1964.09,441920.86
14,2022,1,12596.19,2034284.33
14,2022,2,8930.01,1513637.04
14,2022,3,8888.52,1577712.11
14,2022,4,4771.30,885076.03
14,2022,5,4011.81,776284.55
14,2022,6,14333.14,2888128.10
14,2022,7,1880.33,393929.64
14,2022,8,2198.18,478105.02
14,2022,9,10342.34,2332197.58
15,2015,1,4563.86,721090.64
15,2015,2,870.75,144544.72
15,2015,3,4205.59,731772.25
15,2015,4,975.36,177514.71
15,2015,5,2241.20,425828.67
15,2015,6,1751.86,346868.49
15,2015,7,6620.14,1363747.98
15,2015,8,4375.05,936259.92
15,2015,9,4151.38,921607.16
15,2016,1,3491.83,553454.93
15,2016,2,3245.55,540384.46
15,2016,3,1633.78,285094.20
15,2016,4,791.42,144433.24
15,2016,5,2339.98,445766.20
15,2016,6,4655.97,924209.78
15,2016,7,4121.37,851062.18
15,2016,8,1152.80,247275.30
15,2016,9,3963.98,881985.98
15,2017,1,11103.74,1765495.27
15,2017,2,11424.43,1907879.38
15,2017,3,3498.67,612267.84
15,2017,4,9428.56,1725427.27
15,2017,5,4524.34,864148.34
15,2017,6,10229.59,2035689.19
15,2017,7,5494.32,1137324.58
15,2017,8,6869.53,1476948.66
15,2017,9,8571.50,1911444.34
15,2018,1,3503.77,558851.19
15,2018,2,1505.33,252143.19
15,2018,3,2182.17,382970.54
15,2018,4,6925.75,1270875.19
15,2018,5,4361.90,835303.89
15,2018,6,3751.56,748437.20
15,2018,7,1801.18,373745.10
15,2018,8,1416.76,305312.64
15,2018,9,4156.27,928927.29
15,2019,1,1752.76,280441.74
15,2019,2,11142.46,1871933.66
15,2019,3,7605.85,1338630.34
15,2019,4,2742.12,504549.16
15,2019,5,7340.01,1409281.04
15,2019,6,2903.63,580726.93
15,2019,7,8868.34,1844613.71
15,2019,8,11692.78,2525640.38
15,2019,9,12568.26,2815291.04
15,2020,1,11124.73,1785519.50
15,2020,2,9236.23,1556304.48
15,2020,3,6984.25,1232720.45
15,2020,4,2129.80,392947.79
15,2020,5,9351.63,1800189.31
15,2020,6,4892.27,980900.78
15,2020,7,13397.52,2793383.14
15,2020,8,13208.29,2859594.07
15,2020,9,7145.49,1604162.27
15,2021,1,10304.28,1658988.74
15,2021,2,10550.99,1783117.20
15,2021,3,9757.02,1726992.13
15,2021,4,2421.37,447954.26
15,2021,5,2864.29,552807.96
15,2021,6,7068.06,1420680.08
15,2021,7,4072.18,851084.93
15,2021,8,11745.21,2548710.94
15,2021,9,4693.74,1056091.87
15,2022,1,8278.09,1336911.04
15,2022,2,4703.74,797283.68
15,2022,3,13168.68,2337440.26
15,2022,4,14475.11,2685132.78
15,2022,5,11034.06,2135089.96
15,2022,6,3545.10,714337.92
15,2022,7,1744.55,365484.08
15,2022,8,12280.03,2670907.21
15,2022,9,12820.69,2891065.52
16,2015,1,3893.52,615176.89
16,2015,2,2145.90,356220.10
16,2015,3,6330.24,1101462.02
16,2015,4,2978.52,542089.82
16,2015,5,8043.41,1528248.20
16,2015,6,4409.76,873132.89
16,2015,7,3921.95,807920.70
16,2015,8,3163.21,676925.92
16,2015,9,6574.75,1459594.13
16,2016,1,7477.53,1185188.88
16,2016,2,12876.45,2143928.85
16,2016,3,8486.33,1480863.90
16,2016,4,6850.82,1250274.28
16,2016,5,9541.80,1817713.06
16,2016,6,5154.40,1023148.62
16,2016,7,5924.78,1223466.14
16,2016,8,6474.10,1388693.71
16,2016,9,11735.74,2611202.05
16,2017,1,13657.40,2171525.92
16,2017,2,10858.47,1813364.34
16,2017,3,12124.55,2121796.57
16,2017,4,7816.83,1430479.56
16,2017,5,11430.92,2183304.99
16,2017,6,3743.92,745040.07
16,2017,7,4497.05,930889.65
16,2017,8,7158.50,1539077.18
16,2017,9,6270.08,1398227.73
16,2018,1,9332.00,1488454.25
16,2018,2,9445.95,1582196.73
16,2018,3,3052.74,535755.53
16,2018,4,12464.06,2287154.98
16,2018,5,1232.75,236071.59
16,2018,6,2237.28,446336.95
16,2018,7,2872.32,596006.77
16,2018,8,12010.86,2588340.02
16,2018,9,6268.23,1400950.49
16,2019,1,1575.75,252119.93
16,2019,2,881.68,148121.79
16,2019,3,674.61,118730.53
16,2019,4,2371.81,436412.25
16,2019,5,5310.68,1019650.45
16,2019,6,3496.38,699275.95
16,2019,7,3041.14,632557.67
16,2019,8,3974.54,858499.85
16,2019,9,3415.61,765096.93
16,2020,1,15864.76,2546294.56
16,2020,2,12762.64,2150504.60
16,2020,3,9291.89,1640018.58
16,2020,4,5201.44,959665.59
16,2020,5,13048.70,2511874.88
16,2020,6,15583.43,3124477.06
16,2020,7,6654.76,1387517.62
16,2020,8,2303.43,498692.20
16,2020,9,12059.65,2707391.99
16,2021,1,3721.81,599211.35
16,2021,2,3023.97,511051.41
16,2021,3,1526.80,270242.74
16,2021,4,3806.93,704282.27
16,2021,5,1125.36,217195.00
16,2021,6,2888.89,580666.54
16,2021,7,12307.81,2572333.10
16,2021,8,9871.15,2142040.24
16,2021,9,5084.72,1144062.59
16,2022,1,6539.72,1056164.56
16,2022,2,5888.33,998071.20
16,2022,3,7977.58,1416019.97
16,2022,4,1607.26,298146.64
16,2022,5,1812.66,350750.03
16,2022,6,3665.00,738496.73
16,2022,7,8862.52,1856698.25
16,2022,8,9675.07,2104327.56
16,2022,9,4271.25,963165.87
17,2015,1,6583.63,1040212.99
17,2015,2,12351.49,2050347.31
17,2015,3,5150.08,896113.15
17,2015,4,18005.60,3277019.99
17,2015,5,11801.44,2242273.10
17,2015,6,6314.34,1250238.47
17,2015,7,8867.77,1826760.60
17,2015,8,3610.25,772593.90
17,2015,9,3014.35,669184.77
17,2016,1,8501.27,1347451.11
17,2016,2,7331.46,1220688.52
17,2016,3,8579.98,1497206.26
17,2016,4,7925.57,1446417.40
17,2016,5,7414.32,1412428.58
17,2016,6,5479.82,1087743.89
17,2016,7,6448.46,1331607.22
17,2016,8,8655.86,1856682.94
17,2016,9,5384.61,1198076.71
17,2017,1,12673.06,2015016.75
17,2017,2,15684.62,2619331.70
17,2017,3,8259.52,1445416.54
17,2017,4,8287.19,1516555.88
17,2017,5,10150.98,1938837.27
17,2017,6,1882.18,374554.78
17,2017,7,3196.35,661643.66
17,2017,8,2476.38,532420.63
17,2017,9,10843.18,2418030.12
17,2018,1,13921.33,2220451.63
17,2018,2,5911.94,990250.47
17,2018,3,7449.38,1307366.84
17,2018,4,18912.29,3470405.42
17,2018,5,11047.00,2115500.27
17,2018,6,1966.10,392237.93
17,2018,7,16703.47,3465969.69
17,2018,8,6240.35,1344795.18
17,2018,9,3458.49,772972.98
17,2019,1,12371.66,1979466.26
17,2019,2,2364.38,397215.63
17,2019,3,13853.48,2438212.12
17,2019,4,7744.16,1424925.57
17,2019,5,6091.82,1169628.96
17,2019,6,13355.43,2671085.61
17,2019,7,4957.34,1031127.00
17,2019,8,14064.65,3037964.50
17,2019,9,10518.52,2356148.01
17,2020,1,10026.64,1609275.82
17,2020,2,5016.11,845215.13
17,2020,3,13984.23,2468217.32
17,2020,4,16282.72,3004162.12
17,2020,5,5135.16,988518.83
17,2020,6,5068.00,1016134.94
17,2020,7,5853.55,1220464.43
17,2020,8,12028.58,2604188.07
17,2020,9,4285.11,962006.26
17,2021,1,5604.56,902333.61
17,2021,2,4262.04,720284.82
17,2021,3,4193.98,742335.30
17,2021,4,3921.52,725480.39
17,2021,5,4747.86,916336.07
17,2021,6,3524.03,708330.72
17,2021,7,781.54,163342.66
17,2021,8,3198.91,694163.24
17,2021,9,3959.09,890796.36
17,2022,1,11822.59,1909347.67
17,2022,2,10860.08,1840784.33
17,2022,3,10552.57,1873081.45
17,2022,4,6435.50,1193786.00
17,2022,5,11812.06,2285632.98
17,2022,6,11067.12,2230025.47
17,2022,7,4142.16,867781.49
17,2022,8,3508.48,763094.64
17,2022,9,7370.76,1662105.26
18,2015,1,4278.79,676049.32
18,2015,2,2751.69,456780.53
18,2015,3,3048.82,530494.95
18,2015,4,2866.62,521725.18
18,2015,5,2349.14,446336.95
18,2015,6,3741.46,740808.64
18,2015,7,1307.52,269349.24
18,2015,8,5122.10,1096129.68
18,2015,9,3798.11,843179.76
18,2016,1,8240.14,1306061.89
18,2016,2,1167.51,194390.60
18,2016,3,3244.56,566176.07
18,2016,4,7110.40,1297647.78
18,2016,5,4441.97,846196.12
18,2016,6,7442.11,1477258.39
18,2016,7,3755.63,775537.91
18,2016,8,6771.64,1452517.39
18,2016,9,3520.07,783214.67
18,2017,1,7557.86,1201699.77
18,2017,2,4938.25,824688.29
18,2017,3,6346.26,1110596.32
18,2017,4,3291.28,602304.71
18,2017,5,8486.62,1620944.63
18,2017,6,5005.93,996180.44
18,2017,7,10114.74,2093752.18
18,2017,8,4023.63,865080.62
18,2017,9,2966.50,661529.45
18,2018,1,3944.48,629143.77
18,2018,2,1917.50,321181.01
18,2018,3,1166.43,204708.37
18,2018,4,2159.00,396177.21
18,2018,5,1959.74,375290.52
18,2018,6,3106.00,619647.23
18,2018,7,2806.41,582330.19
18,2018,8,1434.73,309184.60
18,2018,9,6181.13,1381483.12
18,2019,1,5518.85,883015.47
18,2019,2,1685.55,283173.11
18,2019,3,3653.75,643060.52
18,2019,4,6675.99,1228383.07
18,2019,5,5785.27,1110772.13
18,2019,6,3759.84,751967.72
18,2019,7,5000.23,1040047.04
18,2019,8,5394.93,1165304.72
18,2019,9,2437.68,546039.74
18,2020,1,7927.15,1272308.31
18,2020,2,5916.00,996845.97
18,2020,3,9383.70,1656222.83
18,2020,4,1899.62,350480.25
18,2020,5,10846.96,2088040.59
18,2020,6,6843.49,1372119.23
18,2020,7,8663.42,1806322.96
18,2020,8,6526.74,1413039.81
18,2020,9,5159.35,1158273.25
18,2021,1,5978.46,962531.75
18,2021,2,9341.77,1578759.49
18,2021,3,3238.56,573225.09
18,2021,4,1084.93,200711.20
18,2021,5,2002.97,386572.55
18,2021,6,8758.04,1760366.20
18,2021,7,9624.89,2011602.44
18,2021,8,2706.61,587333.89
18,2021,9,6119.19,1376817.53
18,2022,1,3593.12,580288.64
18,2022,2,11521.34,1952866.92
18,2022,3,5956.39,1057259.45
18,2022,4,10119.42,1877152.23
18,2022,5,7689.02,1487825.41
18,2022,6,10948.32,2206085.48
18,2022,7,12952.14,2713474.28
18,2022,8,6296.18,1369418.51
18,2022,9,5058.76,1140749.51
19,2015,1,3144.82,496882.33
19,2015,2,3436.73,570497.57
19,2015,3,11658.69,2028612.47
19,2015,4,5617.80,1022440.08
19,2015,5,9392.45,1784566.30
19,2015,6,8626.49,1708045.67
19,2015,7,12187.65,2510656.66
19,2015,8,2200.74,470958.00
19,2015,9,3365.11,747055.25
19,2016,1,2999.46,475414.45
19,2016,2,2815.83,468835.52
19,2016,3,2643.98,461374.97
19,2016,4,5357.75,977790.06
19,2016,5,2671.15,508853.90
19,2016,6,3920.57,778233.50
19,2016,7,6927.44,1430516.75
19,2016,8,3332.49,714820.12
19,2016,9,4942.42,1099689.10
19,2017,1,9003.73,1431593.66
19,2017,2,4972.94,830480.65
19,2017,3,2156.41,377371.17
19,2017,4,14500.39,2653571.57
19,2017,5,13348.63,2549587.70
19,2017,6,18225.72,3626918.29
19,2017,7,14026.10,2903402.68
19,2017,8,3154.26,678165.82
19,2017,9,4675.57,1042651.64
19,2018,1,891.38,142175.05
19,2018,2,5326.16,892132.46
19,2018,3,3528.86,619315.10
19,2018,4,687.69,126191.91
19,2018,5,2704.81,517970.53
19,2018,6,4707.42,939130.90
19,2018,7,997.28,206934.96
19,2018,8,1972.51,425076.44
19,2018,9,1389.24,310494.33
19,2019,1,12976.35,2076215.80
19,2019,2,5390.45,905596.03
19,2019,3,4574.40,805094.11
19,2019,4,5058.69,930798.68
19,2019,5,9566.05,1836681.37
19,2019,6,3045.38,609075.55
19,2019,7,12358.08,2570480.77
19,2019,8,1692.98,365684.27
19,2019,9,10054.15,2252130.38
19,2020,1,6822.42,1094999.15
19,2020,2,9244.50,1557697.74
19,2020,3,17248.25,3044316.94
19,2020,4,10278.28,1896342.21
19,2020,5,5975.45,1150274.19
19,2020,6,8742.13,1752796.26
19,2020,7,17160.98,3578064.42
19,2020,8,12797.99,2770764.71
19,2020,9,4445.10,997924.54
19,2021,1,9040.26,1455482.56
19,2021,2,9099.67,1537843.67
19,2021,3,8210.95,1453338.30
19,2021,4,7709.82,1426315.85
19,2021,5,9145.14,1765011.74
19,2021,6,5065.95,1018254.99
19,2021,7,5529.76,1155720.50
19,2021,8,7910.25,1716524.33
19,2021,9,11187.78,2517250.05
19,2022,1,4744.49,766235.06
19,2022,2,3665.01,621219.28
19,2022,3,4110.81,729669.06
19,2022,4,1019.55,189125.61
19,2022,5,9324.10,1804213.17
19,2022,6,9655.82,1945648.72
19,2022,7,4521.43,947239.88
19,2022,8,5797.88,1261037.94
19,2022,9,1103.32,248799.31
20,2015,1,17703.25,2797114.02
20,2015,2,9757.76,1619788.85
20,2015,3,1845.35,321090.73
20,2015,4,8969.26,1632404.72
20,2015,5,6644.02,1262364.14
20,2015,6,5600.60,1108918.75
20,2015,7,1812.97,373472.72
20,2015,8,8008.96,1713916.76
20,2015,9,8653.06,1920980.07
20,2016,1,5861.70,929080.15
20,2016,2,3119.15,519339.15
20,2016,3,9917.97,1730686.16
20,2016,4,5802.12,1058887.68
20,2016,5,5667.47,1079653.41
20,2016,6,4300.50,853649.96
20,2016,7,6187.37,1277691.37
20,2016,8,4023.05,862943.63
20,2016,9,10242.84,2279032.59
20,2017,1,15192.23,2415563.80
20,2017,2,13134.38,2193441.06
20,2017,3,6439.24,1126867.87
20,2017,4,14110.06,2582140.63
20,2017,5,15212.88,2905659.44
20,2017,6,8585.68,1708551.01
20,2017,7,15960.68,3303860.85
20,2017,8,4727.32,1016372.92
20,2017,9,6521.58,1454311.58
20,2018,1,9270.55,1478652.80
20,2018,2,4806.67,805117.18
20,2018,3,9335.45,1638371.07
20,2018,4,3717.23,682112.02
20,2018,5,1542.17,295325.63
20,2018,6,1932.72,385578.11
20,2018,7,8201.60,1701831.67
20,2018,8,3693.31,795908.82
20,2018,9,2612.67,583930.65
20,2019,1,6333.04,1013286.19
20,2019,2,6425.57,1079496.27
20,2019,3,2585.52,455050.73
20,2019,4,1947.49,358338.97
20,2019,5,4611.36,885381.19
20,2019,6,3433.10,686620.49
20,2019,7,3197.43,665065.21
20,2019,8,6987.68,1509339.28
20,2019,9,8529.78,1910671.53
20,2020,1,9352.46,1501069.18
20,2020,2,4513.99,760607.18
20,2020,3,9899.29,1747225.37
20,2020,4,11033.41,2035664.19
20,2020,5,1637.09,315139.67
20,2020,6,9186.98,1841990.45
20,2020,7,1798.10,374903.16
20,2020,8,5981.74,1295047.14
20,2020,9,3065.56,688218.12
20,2021,1,14475.64,2330577.75
20,2021,2,14649.26,2475724.29
20,2021,3,3502.90,620012.84
20,2021,4,13700.68,2534626.60
20,2021,5,5507.17,1062883.22
20,2021,6,13749.29,2763606.52
20,2021,7,8568.77,1790871.94
20,2021,8,13218.93,2868507.02
20,2021,9,2107.00,474074.85
20,2022,1,9103.38,1470195.13
20,2022,2,6491.95,1100385.59
20,2022,3,11309.93,2007513.27
20,2022,4,5986.99,1110587.03
20,2022,5,8167.39,1580389.75
20,2022,6,4307.24,867908.30
20,2022,7,4421.72,926351.00
20,2022,8,7621.00,1657566.42
20,2022,9,1486.08,335111.58
