dzongkhag_id,year,lulucf_category,land_area_ha,forest_area_ha,forest_cover_pct,carbon_stock_tco2
1,2015,forest_land,20880.25,20880.25,63.62,4410941.76
1,2015,cropland,1913.46,,63.62,4410941.76
1,2015,grassland,3508.02,,63.62,4410941.76
1,2015,wetlands,2870.20,,63.62,4410941.76
1,2015,settlements,797.28,,63.62,4410941.76
1,2015,other_land,4464.75,,63.62,4410941.76
1,2016,forest_land,53191.14,53191.14,64.06,10221817.60
1,2016,cropland,3744.95,,64.06,10221817.60
1,2016,grassland,6865.74,,64.06,10221817.60
1,2016,wetlands,5617.43,,64.06,10221817.60
1,2016,settlements,1560.40,,64.06,10221817.60
1,2016,other_land,8738.22,,64.06,10221817.60
1,2017,forest_land,20762.62,20762.62,63.27,5206222.74
1,2017,cropland,1969.51,,63.27,5206222.74
1,2017,grassland,3610.77,,63.27,5206222.74
1,2017,wetlands,2954.26,,63.27,5206222.74
1,2017,settlements,820.63,,63.27,5206222.74
1,2017,other_land,4595.52,,63.27,5206222.74
1,2018,forest_land,29194.86,29194.86,62.23,7482403.89
1,2018,cropland,2438.43,,62.23,7482403.89
1,2018,grassland,4470.46,,62.23,7482403.89
1,2018,wetlands,3657.65,,62.23,7482403.89
1,2018,settlements,1016.01,,62.23,7482403.89
1,2018,other_land,5689.68,,62.23,7482403.89
1,2019,forest_land,47716.03,47716.03,62.96,8632299.20
1,2019,cropland,3636.04,,62.96,8632299.20
1,2019,grassland,6666.08,,62.96,8632299.20
1,2019,wetlands,5454.07,,62.96,8632299.20
1,2019,settlements,1515.02,,62.96,8632299.20
1,2019,other_land,8484.10,,62.96,8632299.20
1,2020,forest_land,50244.36,50244.36,64.87,10137659.53
1,2020,cropland,4286.38,,64.87,10137659.53
1,2020,grassland,7858.36,,64.87,10137659.53
1,2020,wetlands,6429.57,,64.87,10137659.53
1,2020,settlements,1785.99,,64.87,10137659.53
1,2020,other_land,10001.55,,64.87,10137659.53
1,2021,forest_land,33694.61,33694.61,65.47,6521265.36
1,2021,cropland,3105.21,,65.47,6521265.36
1,2021,grassland,5692.89,,65.47,6521265.36
1,2021,wetlands,4657.82,,65.47,6521265.36
1,2021,settlements,1293.84,,65.47,6521265.36
1,2021,other_land,7245.50,,65.47,6521265.36
1,2022,forest_land,50134.43,50134.43,65.29,14146054.48
1,2022,cropland,3472.51,,65.29,14146054.48
1,2022,grassland,6366.26,,65.29,14146054.48
1,2022,wetlands,5208.76,,65.29,14146054.48
1,2022,settlements,1446.88,,65.29,14146054.48
1,2022,other_land,8102.52,,65.29,14146054.48
2,2015,forest_land,62026.81,62026.81,64.51,15958611.39
2,2015,cropland,5281.28,,64.51,15958611.39
2,2015,grassland,9682.34,,64.51,15958611.39
2,2015,wetlands,7921.91,,64.51,15958611.39
2,2015,settlements,2200.53,,64.51,15958611.39
2,2015,other_land,12322.98,,64.51,15958611.39
2,2016,forest_land,51440.47,51440.47,65.54,13417181.17
2,2016,cropland,3445.38,,65.54,13417181.17
2,2016,grassland,6316.52,,65.54,13417181.17
2,2016,wetlands,5168.07,,65.54,13417181.17
2,2016,settlements,1435.57,,65.54,13417181.17
2,2016,other_land,8039.21,,65.54,13417181.17
2,2017,forest_land,22144.11,22144.11,65.31,4883092.76
2,2017,cropland,1944.13,,65.31,4883092.76
2,2017,grassland,3564.24,,65.31,4883092.76
2,2017,wetlands,2916.19,,65.31,4883092.76
2,2017,settlements,810.05,,65.31,4883092.76
2,2017,other_land,4536.30,,65.31,4883092.76
2,2018,forest_land,28604.02,28604.02,63.59,6261886.69
2,2018,cropland,2806.77,,63.59,6261886.69
2,2018,grassland,5145.74,,63.59,6261886.69
2,2018,wetlands,4210.15,,63.59,6261886.69
2,2018,settlements,1169.49,,63.59,6261886.69
2,2018,other_land,6549.12,,63.59,6261886.69
2,2019,forest_land,36503.76,36503.76,65.41,7641367.96
2,2019,cropland,3015.48,,65.41,7641367.96
2,2019,grassland,5528.38,,65.41,7641367.96
2,2019,wetlands,4523.22,,65.41,7641367.96
2,2019,settlements,1256.45,,65.41,7641367.96
2,2019,other_land,7036.12,,65.41,7641367.96
2,2020,forest_land,63109.12,63109.12,64.45,16741483.82
2,2020,cropland,4832.00,,64.45,16741483.82
2,2020,grassland,8858.67,,64.45,16741483.82
2,2020,wetlands,7248.00,,64.45,16741483.82
2,2020,settlements,2013.33,,64.45,16741483.82
2,2020,other_land,11274.66,,64.45,16741483.82
2,2021,forest_land,49620.87,49620.87,64.31,11567804.40
2,2021,cropland,4632.65,,64.31,11567804.40
2,2021,grassland,8493.18,,64.31,11567804.40
2,2021,wetlands,6948.97,,64.31,11567804.40
2,2021,settlements,1930.27,,64.31,11567804.40
2,2021,other_land,10809.51,,64.31,11567804.40
2,2022,forest_land,51051.56,51051.56,66.92,14082367.59
2,2022,cropland,3680.21,,66.92,14082367.59
2,2022,grassland,6747.05,,66.92,14082367.59
2,2022,wetlands,5520.32,,66.92,14082367.59
2,2022,settlements,1533.42,,66.92,14082367.59
2,2022,other_land,8587.16,,66.92,14082367.59
3,2015,forest_land,54002.15,54002.15,66.63,9963075.23
3,2015,cropland,4517.50,,66.63,9963075.23
3,2015,grassland,8282.08,,66.63,9963075.23
3,2015,wetlands,6776.25,,66.63,9963075.23
3,2015,settlements,1882.29,,66.63,9963075.23
3,2015,other_land,10540.84,,66.63,9963075.23
3,2016,forest_land,31352.62,31352.62,65.20,9782249.62
3,2016,cropland,2783.10,,65.20,9782249.62
3,2016,grassland,5102.34,,65.20,9782249.62
3,2016,wetlands,4174.64,,65.20,9782249.62
3,2016,settlements,1159.62,,65.20,9782249.62
3,2016,other_land,6493.89,,65.20,9782249.62
3,2017,forest_land,36849.43,36849.43,67.03,8673931.73
3,2017,cropland,2534.65,,67.03,8673931.73
3,2017,grassland,4646.85,,67.03,8673931.73
3,2017,wetlands,3801.97,,67.03,8673931.73
3,2017,settlements,1056.10,,67.03,8673931.73
3,2017,other_land,5914.17,,67.03,8673931.73
3,2018,forest_land,41010.93,41010.93,67.29,8797987.26
3,2018,cropland,3298.23,,67.29,8797987.26
3,2018,grassland,6046.76,,67.29,8797987.26
3,2018,wetlands,4947.35,,67.29,8797987.26
3,2018,settlements,1374.26,,67.29,8797987.26
3,2018,other_land,7695.87,,67.29,8797987.26
3,2019,forest_land,33725.82,33725.82,66.38,10309821.32
3,2019,cropland,2454.52,,66.38,10309821.32
3,2019,grassland,4499.95,,66.38,10309821.32
3,2019,wetlands,3681.78,,66.38,10309821.32
3,2019,settlements,1022.72,,66.38,10309821.32
3,2019,other_land,5727.21,,66.38,10309821.32
3,2020,forest_land,33679.02,33679.02,66.05,8464671.50
3,2020,cropland,2079.77,,66.05,8464671.50
3,2020,grassland,3812.91,,66.05,8464671.50
3,2020,wetlands,3119.65,,66.05,8464671.50
3,2020,settlements,866.57,,66.05,8464671.50
3,2020,other_land,4852.79,,66.05,8464671.50
3,2021,forest_land,21739.60,21739.60,65.27,5822788.74
3,2021,cropland,2003.99,,65.27,5822788.74
3,2021,grassland,3673.98,,65.27,5822788.74
3,2021,wetlands,3005.98,,65.27,5822788.74
3,2021,settlements,834.99,,65.27,5822788.74
3,2021,other_land,4675.97,,65.27,5822788.74
3,2022,forest_land,38201.09,38201.09,67.53,8917153.71
3,2022,cropland,3313.99,,67.53,8917153.71
3,2022,grassland,6075.65,,67.53,8917153.71
3,2022,wetlands,4970.99,,67.53,8917153.71
3,2022,settlements,1380.83,,67.53,8917153.71
3,2022,other_land,7732.65,,67.53,8917153.71
4,2015,forest_land,50059.43,50059.43,68.29,15043316.86
4,2015,cropland,2827.91,,68.29,15043316.86
4,2015,grassland,5184.50,,68.29,15043316.86
4,2015,wetlands,4241.87,,68.29,15043316.86
4,2015,settlements,1178.30,,68.29,15043316.86
4,2015,other_land,6598.46,,68.29,15043316.86
4,2016,forest_land,54633.51,54633.51,65.48,13941153.27
4,2016,cropland,3957.50,,65.48,13941153.27
4,2016,grassland,7255.42,,65.48,13941153.27
4,2016,wetlands,5936.25,,65.48,13941153.27
4,2016,settlements,1648.96,,65.48,13941153.27
4,2016,other_land,9234.17,,65.48,13941153.27
4,2017,forest_land,47071.47,47071.47,66.40,11337970.23
4,2017,cropland,4166.25,,66.40,11337970.23
4,2017,grassland,7638.12,,66.40,11337970.23
4,2017,wetlands,6249.37,,66.40,11337970.23
4,2017,settlements,1735.94,,66.40,11337970.23
4,2017,other_land,9721.25,,66.40,11337970.23
4,2018,forest_land,68909.86,68909.86,67.11,14944789.21
4,2018,cropland,4286.24,,67.11,14944789.21
4,2018,grassland,7858.11,,67.11,14944789.21
4,2018,wetlands,6429.37,,67.11,14944789.21
4,2018,settlements,1785.94,,67.11,14944789.21
4,2018,other_land,10001.24,,67.11,14944789.21
4,2019,forest_land,31956.50,31956.50,67.40,9646790.68
4,2019,cropland,1930.21,,67.40,9646790.68
4,2019,grassland,3538.72,,67.40,9646790.68
4,2019,wetlands,2895.32,,67.40,9646790.68
4,2019,settlements,804.25,,67.40,9646790.68
4,2019,other_land,4503.83,,67.40,9646790.68
4,2020,forest_land,51450.55,51450.55,66.95,10362011.52
4,2020,cropland,3623.13,,66.95,10362011.52
4,2020,grassland,6642.41,,66.95,10362011.52
4,2020,wetlands,5434.70,,66.95,10362011.52
4,2020,settlements,1509.64,,66.95,10362011.52
4,2020,other_land,8453.97,,66.95,10362011.52
4,2021,forest_land,49245.95,49245.95,68.49,12520758.28
4,2021,cropland,3015.45,,68.49,12520758.28
4,2021,grassland,5528.32,,68.49,12520758.28
4,2021,wetlands,4523.17,,68.49,12520758.28
4,2021,settlements,1256.44,,68.49,12520758.28
4,2021,other_land,7036.04,,68.49,12520758.28
4,2022,forest_land,33199.26,33199.26,66.35,10294220.76
4,2022,cropland,3055.70,,66.35,10294220.76
4,2022,grassland,5602.11,,66.35,10294220.76
4,2022,wetlands,4583.54,,66.35,10294220.76
4,2022,settlements,1273.21,,66.35,10294220.76
4,2022,other_land,7129.96,,66.35,10294220.76
5,2015,forest_land,59297.91,59297.91,69.14,11154502.23
5,2015,cropland,4369.64,,69.14,11154502.23
5,2015,grassland,8011.01,,69.14,11154502.23
5,2015,wetlands,6554.46,,69.14,11154502.23
5,2015,settlements,1820.68,,69.14,11154502.23
5,2015,other_land,10195.83,,69.14,11154502.23
5,2016,forest_land,62248.96,62248.96,69.28,15440148.44
5,2016,cropland,5025.40,,69.28,15440148.44
5,2016,grassland,9213.24,,69.28,15440148.44
5,2016,wetlands,7538.10,,69.28,15440148.44
5,2016,settlements,2093.92,,69.28,15440148.44
5,2016,other_land,11725.94,,69.28,15440148.44
5,2017,forest_land,58527.36,58527.36,67.01,11586943.60
5,2017,cropland,3839.59,,67.01,11586943.60
5,2017,grassland,7039.25,,67.01,11586943.60
5,2017,wetlands,5759.39,,67.01,11586943.60
5,2017,settlements,1599.83,,67.01,11586943.60
5,2017,other_land,8959.05,,67.01,11586943.60
5,2018,forest_land,45711.03,45711.03,68.38,13811158.40
5,2018,cropland,3530.96,,68.38,13811158.40
5,2018,grassland,6473.42,,68.38,13811158.40
5,2018,wetlands,5296.43,,68.38,13811158.40
5,2018,settlements,1471.23,,68.38,13811158.40
5,2018,other_land,8238.90,,68.38,13811158.40
5,2019,forest_land,32115.93,32115.93,68.37,9062804.38
5,2019,cropland,2201.44,,68.37,9062804.38
5,2019,grassland,4035.98,,68.37,9062804.38
5,2019,wetlands,3302.16,,68.37,9062804.38
5,2019,settlements,917.27,,68.37,9062804.38
5,2019,other_land,5136.70,,68.37,9062804.38
5,2020,forest_land,39160.44,39160.44,67.85,10611811.89
5,2020,cropland,2231.38,,67.85,10611811.89
5,2020,grassland,4090.87,,67.85,10611811.89
5,2020,wetlands,3347.07,,67.85,10611811.89
5,2020,settlements,929.74,,67.85,10611811.89
5,2020,other_land,5206.56,,67.85,10611811.89
5,2021,forest_land,43418.26,43418.26,68.71,9181121.55
5,2021,cropland,3523.77,,68.71,9181121.55
5,2021,grassland,6460.25,,68.71,9181121.55
5,2021,wetlands,5285.66,,68.71,9181121.55
5,2021,settlements,1468.24,,68.71,9181121.55
5,2021,other_land,8222.14,,68.71,9181121.55
5,2022,forest_land,47271.66,47271.66,68.56,9966305.23
5,2022,cropland,3680.98,,68.56,9966305.23
5,2022,grassland,6748.47,,68.56,9966305.23
5,2022,wetlands,5521.48,,68.56,9966305.23
5,2022,settlements,1533.74,,68.56,9966305.23
5,2022,other_land,8588.96,,68.56,9966305.23
6,2015,forest_land,48689.53,48689.53,67.91,14935942.88
6,2015,cropland,3885.72,,67.91,14935942.88
6,2015,grassland,7123.82,,67.91,14935942.88
6,2015,wetlands,5828.58,,67.91,14935942.88
6,2015,settlements,1619.05,,67.91,14935942.88
6,2015,other_land,9066.68,,67.91,14935942.88
6,2016,forest_land,25059.23,25059.23,70.43,6857630.95
6,2016,cropland,1813.60,,70.43,6857630.95
6,2016,grassland,3324.94,,70.43,6857630.95
6,2016,wetlands,2720.40,,70.43,6857630.95
6,2016,settlements,755.67,,70.43,6857630.95
6,2016,other_land,4231.74,,70.43,6857630.95
6,2017,forest_land,30358.47,30358.47,68.64,7891562.60
6,2017,cropland,1716.04,,68.64,7891562.60
6,2017,grassland,3146.07,,68.64,7891562.60
6,2017,wetlands,2574.05,,68.64,7891562.60
6,2017,settlements,715.01,,68.64,7891562.60
6,2017,other_land,4004.08,,68.64,7891562.60
6,2018,forest_land,62341.76,62341.76,69.57,12883384.29
6,2018,cropland,3592.26,,69.57,12883384.29
6,2018,grassland,6585.80,,69.57,12883384.29
6,2018,wetlands,5388.38,,69.57,12883384.29
6,2018,settlements,1496.77,,69.57,12883384.29
6,2018,other_land,8381.93,,69.57,12883384.29
6,2019,forest_land,41648.20,41648.20,68.59,10219778.73
6,2019,cropland,2978.22,,68.59,10219778.73
6,2019,grassland,5460.08,,68.59,10219778.73
6,2019,wetlands,4467.34,,68.59,10219778.73
6,2019,settlements,1240.93,,68.59,10219778.73
6,2019,other_land,6949.19,,68.59,10219778.73
6,2020,forest_land,59304.00,59304.00,70.64,11491839.47
6,2020,cropland,2982.19,,70.64,11491839.47
6,2020,grassland,5467.36,,70.64,11491839.47
6,2020,wetlands,4473.29,,70.64,11491839.47
6,2020,settlements,1242.58,,70.64,11491839.47
6,2020,other_land,6958.45,,70.64,11491839.47
6,2021,forest_land,40857.80,40857.80,69.81,8776740.83
6,2021,cropland,2269.35,,69.81,8776740.83
6,2021,grassland,4160.48,,69.81,8776740.83
6,2021,wetlands,3404.03,,69.81,8776740.83
6,2021,settlements,945.56,,69.81,8776740.83
6,2021,other_land,5295.16,,69.81,8776740.83
6,2022,forest_land,42891.28,42891.28,69.32,9393033.04
6,2022,cropland,2982.90,,69.32,9393033.04
6,2022,grassland,5468.65,,69.32,9393033.04
6,2022,wetlands,4474.35,,69.32,9393033.04
6,2022,settlements,1242.88,,69.32,9393033.04
6,2022,other_land,6960.10,,69.32,9393033.04
7,2015,forest_land,57479.52,57479.52,61.25,17277705.64
7,2015,cropland,5390.26,,61.25,17277705.64
7,2015,grassland,9882.15,,61.25,17277705.64
7,2015,wetlands,8085.40,,61.25,17277705.64
7,2015,settlements,2245.94,,61.25,17277705.64
7,2015,other_land,12577.28,,61.25,17277705.64
7,2016,forest_land,24103.49,24103.49,62.30,7159793.67
7,2016,cropland,1750.73,,62.30,7159793.67
7,2016,grassland,3209.68,,62.30,7159793.67
7,2016,wetlands,2626.10,,62.30,7159793.67
7,2016,settlements,729.47,,62.30,7159793.67
7,2016,other_land,4085.05,,62.30,7159793.67
7,2017,forest_land,63895.34,63895.34,63.71,12988872.17
7,2017,cropland,4647.53,,63.71,12988872.17
7,2017,grassland,8520.48,,63.71,12988872.17
7,2017,wetlands,6971.30,,63.71,12988872.17
7,2017,settlements,1936.47,,63.71,12988872.17
7,2017,other_land,10844.25,,63.71,12988872.17
7,2018,forest_land,28742.84,28742.84,62.41,5409659.44
7,2018,cropland,2623.29,,62.41,5409659.44
7,2018,grassland,4809.36,,62.41,5409659.44
7,2018,wetlands,3934.93,,62.41,5409659.44
7,2018,settlements,1093.04,,62.41,5409659.44
7,2018,other_land,6121.00,,62.41,5409659.44
7,2019,forest_land,59213.48,59213.48,62.24,17158281.82
7,2019,cropland,5725.69,,62.24,17158281.82
7,2019,grassland,10497.10,,62.24,17158281.82
7,2019,wetlands,8588.53,,62.24,17158281.82
7,2019,settlements,2385.70,,62.24,17158281.82
7,2019,other_land,13359.94,,62.24,17158281.82
7,2020,forest_land,40986.39,40986.39,62.62,13089381.13
7,2020,cropland,2987.18,,62.62,13089381.13
7,2020,grassland,5476.49,,62.62,13089381.13
7,2020,wetlands,4480.77,,62.62,13089381.13
7,2020,settlements,1244.66,,62.62,13089381.13
7,2020,other_land,6970.08,,62.62,13089381.13
7,2021,forest_land,48156.70,48156.70,63.07,10668592.60
7,2021,cropland,4714.45,,63.07,10668592.60
7,2021,grassland,8643.16,,63.07,10668592.60
7,2021,wetlands,7071.68,,63.07,10668592.60
7,2021,settlements,1964.36,,63.07,10668592.60
7,2021,other_land,11000.39,,63.07,10668592.60
7,2022,forest_land,46391.19,46391.19,64.46,13208340.20
7,2022,cropland,3706.68,,64.46,13208340.20
7,2022,grassland,6795.57,,64.46,13208340.20
7,2022,wetlands,5560.02,,64.46,13208340.20
7,2022,settlements,1544.45,,64.46,13208340.20
7,2022,other_land,8648.91,,64.46,13208340.20
8,2015,forest_land,44457.63,44457.63,61.87,13309761.13
8,2015,cropland,3982.48,,61.87,13309761.13
8,2015,grassland,7301.21,,61.87,13309761.13
8,2015,wetlands,5973.72,,61.87,13309761.13
8,2015,settlements,1659.37,,61.87,13309761.13
8,2015,other_land,9292.45,,61.87,13309761.13
8,2016,forest_land,56482.53,56482.53,62.32,11636276.61
8,2016,cropland,5838.52,,62.32,11636276.61
8,2016,grassland,10703.95,,62.32,11636276.61
8,2016,wetlands,8757.78,,62.32,11636276.61
8,2016,settlements,2432.72,,62.32,11636276.61
8,2016,other_land,13623.21,,62.32,11636276.61
8,2017,forest_land,47596.93,47596.93,63.79,9366320.04
8,2017,cropland,4403.23,,63.79,9366320.04
8,2017,grassland,8072.59,,63.79,9366320.04
8,2017,wetlands,6604.85,,63.79,9366320.04
8,2017,settlements,1834.68,,63.79,9366320.04
8,2017,other_land,10274.20,,63.79,9366320.04
8,2018,forest_land,32249.51,32249.51,64.82,8601376.99
8,2018,cropland,2486.91,,64.82,8601376.99
8,2018,grassland,4559.33,,64.82,8601376.99
8,2018,wetlands,3730.36,,64.82,8601376.99
8,2018,settlements,1036.21,,64.82,8601376.99
8,2018,other_land,5802.78,,64.82,8601376.99
8,2019,forest_land,45795.01,45795.01,63.56,14235786.64
8,2019,cropland,3817.57,,63.56,14235786.64
8,2019,grassland,6998.87,,63.56,14235786.64
8,2019,wetlands,5726.35,,63.56,14235786.64
8,2019,settlements,1590.65,,63.56,14235786.64
8,2019,other_land,8907.66,,63.56,14235786.64
8,2020,forest_land,48756.77,48756.77,63.06,11477831.05
8,2020,cropland,4623.03,,63.06,11477831.05
8,2020,grassland,8475.55,,63.06,11477831.05
8,2020,wetlands,6934.54,,63.06,11477831.05
8,2020,settlements,1926.26,,63.06,11477831.05
8,2020,other_land,10787.07,,63.06,11477831.05
8,2021,forest_land,32994.64,32994.64,64.62,9412084.89
8,2021,cropland,2868.62,,64.62,9412084.89
8,2021,grassland,5259.13,,64.62,9412084.89
8,2021,wetlands,4302.93,,64.62,9412084.89
8,2021,settlements,1195.26,,64.62,9412084.89
8,2021,other_land,6693.44,,64.62,9412084.89
8,2022,forest_land,43094.40,43094.40,62.97,13766656.66
8,2022,cropland,3043.25,,62.97,13766656.66
8,2022,grassland,5579.30,,62.97,13766656.66
8,2022,wetlands,4564.88,,62.97,13766656.66
8,2022,settlements,1268.02,,62.97,13766656.66
8,2022,other_land,7100.92,,62.97,13766656.66
9,2015,forest_land,28396.02,28396.02,63.12,8821403.44
9,2015,cropland,2659.71,,63.12,8821403.44
9,2015,grassland,4876.13,,63.12,8821403.44
9,2015,wetlands,3989.56,,63.12,8821403.44
9,2015,settlements,1108.21,,63.12,8821403.44
9,2015,other_land,6205.99,,63.12,8821403.44
9,2016,forest_land,58996.25,58996.25,65.69,11922230.67
9,2016,cropland,4822.86,,65.69,11922230.67
9,2016,grassland,8841.91,,65.69,11922230.67
9,2016,wetlands,7234.29,,65.69,11922230.67
9,2016,settlements,2009.52,,65.69,11922230.67
9,2016,other_land,11253.33,,65.69,11922230.67
9,2017,forest_land,53433.62,53433.62,65.70,17003252.37
9,2017,cropland,3950.98,,65.70,17003252.37
9,2017,grassland,7243.46,,65.70,17003252.37
9,2017,wetlands,5926.46,,65.70,17003252.37
9,2017,settlements,1646.24,,65.70,17003252.37
9,2017,other_land,9218.94,,65.70,17003252.37
9,2018,forest_land,22594.80,22594.80,65.31,5014081.08
9,2018,cropland,1557.15,,65.31,5014081.08
9,2018,grassland,2854.78,,65.31,5014081.08
9,2018,wetlands,2335.73,,65.31,5014081.08
9,2018,settlements,648.81,,65.31,5014081.08
9,2018,other_land,3633.36,,65.31,5014081.08
9,2019,forest_land,59004.23,59004.23,65.49,11574270.52
9,2019,cropland,5344.52,,65.49,11574270.52
9,2019,grassland,9798.29,,65.49,11574270.52
9,2019,wetlands,8016.78,,65.49,11574270.52
9,2019,settlements,2226.88,,65.49,11574270.52
9,2019,other_land,12470.54,,65.49,11574270.52
9,2020,forest_land,42961.20,42961.20,63.97,11370805.00
9,2020,cropland,3890.90,,63.97,11370805.00
9,2020,grassland,7133.31,,63.97,11370805.00
9,2020,wetlands,5836.34,,63.97,11370805.00
9,2020,settlements,1621.21,,63.97,11370805.00
9,2020,other_land,9078.76,,63.97,11370805.00
9,2021,forest_land,31081.54,31081.54,65.95,6743381.93
9,2021,cropland,2253.73,,65.95,6743381.93
9,2021,grassland,4131.83,,65.95,6743381.93
9,2021,wetlands,3380.59,,65.95,6743381.93
9,2021,settlements,939.05,,65.95,6743381.93
9,2021,other_land,5258.70,,65.95,6743381.93
9,2022,forest_land,64601.80,64601.80,65.42,12463095.44
9,2022,cropland,4378.53,,65.42,12463095.44
9,2022,grassland,8027.31,,65.42,12463095.44
9,2022,wetlands,6567.80,,65.42,12463095.44
9,2022,settlements,1824.39,,65.42,12463095.44
9,2022,other_land,10216.57,,65.42,12463095.44
10,2015,forest_land,30689.83,30689.83,65.37,8837343.03
10,2015,cropland,2940.94,,65.37,8837343.03
10,2015,grassland,5391.72,,65.37,8837343.03
10,2015,wetlands,4411.41,,65.37,8837343.03
10,2015,settlements,1225.39,,65.37,8837343.03
10,2015,other_land,6862.19,,65.37,8837343.03
10,2016,forest_land,34418.41,34418.41,66.16,8853629.39
10,2016,cropland,2364.52,,66.16,8853629.39
10,2016,grassland,4334.95,,66.16,8853629.39
10,2016,wetlands,3546.78,,66.16,8853629.39
10,2016,settlements,985.22,,66.16,8853629.39
10,2016,other_land,5517.21,,66.16,8853629.39
10,2017,forest_land,20199.51,20199.51,65.68,6133277.04
10,2017,cropland,1860.76,,65.68,6133277.04
10,2017,grassland,3411.40,,65.68,6133277.04
10,2017,wetlands,2791.15,,65.68,6133277.04
10,2017,settlements,775.32,,65.68,6133277.04
10,2017,other_land,4341.78,,65.68,6133277.04
10,2018,forest_land,49081.97,49081.97,67.26,12837454.41
10,2018,cropland,3089.53,,67.26,12837454.41
10,2018,grassland,5664.15,,67.26,12837454.41
10,2018,wetlands,4634.30,,67.26,12837454.41
10,2018,settlements,1287.31,,67.26,12837454.41
10,2018,other_land,7208.91,,67.26,12837454.41
10,2019,forest_land,25866.54,25866.54,65.14,7911471.76
10,2019,cropland,2212.44,,65.14,7911471.76
10,2019,grassland,4056.14,,65.14,7911471.76
10,2019,wetlands,3318.66,,65.14,7911471.76
10,2019,settlements,921.85,,65.14,7911471.76
10,2019,other_land,5162.36,,65.14,7911471.76
10,2020,forest_land,64782.85,64782.85,67.24,13566222.47
10,2020,cropland,3965.81,,67.24,13566222.47
10,2020,grassland,7270.66,,67.24,13566222.47
10,2020,wetlands,5948.72,,67.24,13566222.47
10,2020,settlements,1652.42,,67.24,13566222.47
10,2020,other_land,9253.56,,67.24,13566222.47
10,2021,forest_land,27024.02,27024.02,65.75,8209324.47
10,2021,cropland,1857.59,,65.75,8209324.47
10,2021,grassland,3405.58,,65.75,8209324.47
10,2021,wetlands,2786.39,,65.75,8209324.47
10,2021,settlements,774.00,,65.75,8209324.47
10,2021,other_land,4334.38,,65.75,8209324.47
10,2022,forest_land,46540.58,46540.58,66.37,14436112.64
10,2022,cropland,4052.13,,66.37,14436112.64
10,2022,grassland,7428.90,,66.37,14436112.64
10,2022,wetlands,6078.19,,66.37,14436112.64
10,2022,settlements,1688.39,,66.37,14436112.64
10,2022,other_land,9454.96,,66.37,14436112.64
11,2015,forest_land,70098.22,70098.22,67.89,21267679.73
11,2015,cropland,4339.78,,67.89,21267679.73
11,2015,grassland,7956.26,,67.89,21267679.73
11,2015,wetlands,6509.67,,67.89,21267679.73
11,2015,settlements,1808.24,,67.89,21267679.73
11,2015,other_land,10126.15,,67.89,21267679.73
11,2016,forest_land,52338.89,52338.89,65.52,16241503.06
11,2016,cropland,4371.64,,65.52,16241503.06
11,2016,grassland,8014.67,,65.52,16241503.06
11,2016,wetlands,6557.46,,65.52,16241503.06
11,2016,settlements,1821.52,,65.52,16241503.06
11,2016,other_land,10200.49,,65.52,16241503.06
11,2017,forest_land,64805.30,64805.30,68.01,14085612.98
11,2017,cropland,3992.57,,68.01,14085612.98
11,2017,grassland,7319.70,,68.01,14085612.98
11,2017,wetlands,5988.85,,68.01,14085612.98
11,2017,settlements,1663.57,,68.01,14085612.98
11,2017,other_land,9315.99,,68.01,14085612.98
11,2018,forest_land,28653.78,28653.78,68.11,8601952.49
11,2018,cropland,1708.46,,68.11,8601952.49
11,2018,grassland,3132.18,,68.11,8601952.49
11,2018,wetlands,2562.70,,68.11,8601952.49
11,2018,settlements,711.86,,68.11,8601952.49
11,2018,other_land,3986.42,,68.11,8601952.49
11,2019,forest_land,57881.37,57881.37,66.57,12891726.89
11,2019,cropland,4407.53,,66.57,12891726.89
11,2019,grassland,8080.48,,66.57,12891726.89
11,2019,wetlands,6611.30,,66.57,12891726.89
11,2019,settlements,1836.47,,66.57,12891726.89
11,2019,other_land,10284.25,,66.57,12891726.89
11,2020,forest_land,30149.85,30149.85,68.44,6242169.30
11,2020,cropland,2575.75,,68.44,6242169.30
11,2020,grassland,4722.22,,68.44,6242169.30
11,2020,wetlands,3863.63,,68.44,6242169.30
11,2020,settlements,1073.23,,68.44,6242169.30
11,2020,other_land,6010.09,,68.44,6242169.30
11,2021,forest_land,65579.44,65579.44,67.18,14366979.34
11,2021,cropland,3902.20,,67.18,14366979.34
11,2021,grassland,7154.03,,67.18,14366979.34
11,2021,wetlands,5853.30,,67.18,14366979.34
11,2021,settlements,1625.92,,67.18,14366979.34
11,2021,other_land,9105.13,,67.18,14366979.34
11,2022,forest_land,43692.27,43692.27,68.27,11144596.70
11,2022,cropland,2458.11,,68.27,11144596.70
11,2022,grassland,4506.53,,68.27,11144596.70
11,2022,wetlands,3687.16,,68.27,11144596.70
11,2022,settlements,1024.21,,68.27,11144596.70
11,2022,other_land,5735.59,,68.27,11144596.70
12,2015,forest_land,29964.08,29964.08,69.32,6142621.88
12,2015,cropland,1614.70,,69.32,6142621.88
12,2015,grassland,2960.29,,69.32,6142621.88
12,2015,wetlands,2422.06,,69.32,6142621.88
12,2015,settlements,672.79,,69.32,6142621.88
12,2015,other_land,3767.64,,69.32,6142621.88
12,2016,forest_land,32756.67,32756.67,69.54,7889081.14
12,2016,cropland,2594.68,,69.54,7889081.14
12,2016,grassland,4756.92,,69.54,7889081.14
12,2016,wetlands,3892.03,,69.54,7889081.14
12,2016,settlements,1081.12,,69.54,7889081.14
12,2016,other_land,6054.26,,69.54,7889081.14
12,2017,forest_land,37582.31,37582.31,68.99,9455680.57
12,2017,cropland,2437.94,,68.99,9455680.57
12,2017,grassland,4469.55,,68.99,9455680.57
12,2017,wetlands,3656.90,,68.99,9455680.57
12,2017,settlements,1015.81,,68.99,9455680.57
12,2017,other_land,5688.52,,68.99,9455680.57
12,2018,forest_land,46633.81,46633.81,68.11,13021555.07
12,2018,cropland,3654.85,,68.11,13021555.07
12,2018,grassland,6700.57,,68.11,13021555.07
12,2018,wetlands,5482.28,,68.11,13021555.07
12,2018,settlements,1522.86,,68.11,13021555.07
12,2018,other_land,8527.99,,68.11,13021555.07
12,2019,forest_land,64062.56,64062.56,67.11,17983655.37
12,2019,cropland,4620.53,,67.11,17983655.37
12,2019,grassland,8470.97,,67.11,17983655.37
12,2019,wetlands,6930.80,,67.11,17983655.37
12,2019,settlements,1925.22,,67.11,17983655.37
12,2019,other_land,10781.24,,67.11,17983655.37
12,2020,forest_land,52766.41,52766.41,69.48,10014870.63
12,2020,cropland,3742.74,,69.48,10014870.63
12,2020,grassland,6861.68,,69.48,10014870.63
12,2020,wetlands,5614.11,,69.48,10014870.63
12,2020,settlements,1559.47,,69.48,10014870.63
12,2020,other_land,8733.05,,69.48,10014870.63
12,2021,forest_land,36793.40,36793.40,69.39,10991002.61
12,2021,cropland,2677.34,,69.39,10991002.61
12,2021,grassland,4908.46,,69.39,10991002.61
12,2021,wetlands,4016.02,,69.39,10991002.61
12,2021,settlements,1115.56,,69.39,10991002.61
12,2021,other_land,6247.14,,69.39,10991002.61
12,2022,forest_land,35569.73,35569.73,69.71,8436251.41
12,2022,cropland,2562.46,,69.71,8436251.41
12,2022,grassland,4697.83,,69.71,8436251.41
12,2022,wetlands,3843.68,,69.71,8436251.41
12,2022,settlements,1067.69,,69.71,8436251.41
12,2022,other_land,5979.06,,69.71,8436251.41
13,2015,forest_land,33885.63,33885.63,68.91,8094006.70
13,2015,cropland,2723.66,,68.91,8094006.70
13,2015,grassland,4993.38,,68.91,8094006.70
13,2015,wetlands,4085.50,,68.91,8094006.70
13,2015,settlements,1134.86,,68.91,8094006.70
13,2015,other_land,6355.21,,68.91,8094006.70
13,2016,forest_land,58807.59,58807.59,70.67,15652940.12
13,2016,cropland,3076.39,,70.67,15652940.12
13,2016,grassland,5640.06,,70.67,15652940.12
13,2016,wetlands,4614.59,,70.67,15652940.12
13,2016,settlements,1281.83,,70.67,15652940.12
13,2016,other_land,7178.25,,70.67,15652940.12
13,2017,forest_land,43928.37,43928.37,68.90,9671618.21
13,2017,cropland,3728.53,,68.90,9671618.21
13,2017,grassland,6835.63,,68.90,9671618.21
13,2017,wetlands,5592.79,,68.90,9671618.21
13,2017,settlements,1553.55,,68.90,9671618.21
13,2017,other_land,8699.89,,68.90,9671618.21
13,2018,forest_land,50922.32,50922.32,69.44,12480976.11
13,2018,cropland,3169.99,,69.44,12480976.11
13,2018,grassland,5811.65,,69.44,12480976.11
13,2018,wetlands,4754.98,,69.44,12480976.11
13,2018,settlements,1320.83,,69.44,12480976.11
13,2018,other_land,7396.64,,69.44,12480976.11
13,2019,forest_land,32447.10,32447.10,69.63,9934177.15
13,2019,cropland,2178.37,,69.63,9934177.15
13,2019,grassland,3993.68,,69.63,9934177.15
13,2019,wetlands,3267.56,,69.63,9934177.15
13,2019,settlements,907.66,,69.63,9934177.15
13,2019,other_land,5082.87,,69.63,9934177.15
13,2020,forest_land,28960.08,28960.08,70.84,7302669.79
13,2020,cropland,2211.29,,70.84,7302669.79
13,2020,grassland,4054.03,,70.84,7302669.79
13,2020,wetlands,3316.93,,70.84,7302669.79
13,2020,settlements,921.37,,70.84,7302669.79
13,2020,other_land,5159.67,,70.84,7302669.79
13,2021,forest_land,40782.88,40782.88,70.50,11629619.22
13,2021,cropland,2242.30,,70.50,11629619.22
13,2021,grassland,4110.89,,70.50,11629619.22
13,2021,wetlands,3363.46,,70.50,11629619.22
13,2021,settlements,934.29,,70.50,11629619.22
13,2021,other_land,5232.04,,70.50,11629619.22
13,2022,forest_land,32004.44,32004.44,70.77,5870240.63
13,2022,cropland,2327.32,,70.77,5870240.63
13,2022,grassland,4266.75,,70.77,5870240.63
13,2022,wetlands,3490.98,,70.77,5870240.63
13,2022,settlements,969.72,,70.77,5870240.63
13,2022,other_land,5430.41,,70.77,5870240.63
14,2015,forest_land,41709.47,41709.47,61.23,7932972.32
14,2015,cropland,3357.06,,61.23,7932972.32
14,2015,grassland,6154.61,,61.23,7932972.32
14,2015,wetlands,5035.59,,61.23,7932972.32
14,2015,settlements,1398.77,,61.23,7932972.32
14,2015,other_land,7833.14,,61.23,7932972.32
14,2016,forest_land,44060.95,44060.95,61.89,12226455.81
14,2016,cropland,4429.43,,61.89,12226455.81
14,2016,grassland,8120.62,,61.89,12226455.81
14,2016,wetlands,6644.15,,61.89,12226455.81
14,2016,settlements,1845.60,,61.89,12226455.81
14,2016,other_land,10335.34,,61.89,12226455.81
14,2017,forest_land,31195.31,31195.31,62.28,5639371.12
14,2017,cropland,2593.87,,62.28,5639371.12
14,2017,grassland,4755.42,,62.28,5639371.12
14,2017,wetlands,3890.80,,62.28,5639371.12
14,2017,settlements,1080.78,,62.28,5639371.12
14,2017,other_land,6052.36,,62.28,5639371.12
14,2018,forest_land,49923.77,49923.77,63.20,11957765.22
14,2018,cropland,4954.75,,63.20,11957765.22
14,2018,grassland,9083.71,,63.20,11957765.22
14,2018,wetlands,7432.13,,63.20,11957765.22
14,2018,settlements,2064.48,,63.20,11957765.22
14,2018,other_land,11561.09,,63.20,11957765.22
14,2019,forest_land,59991.02,59991.02,61.63,11220154.65
14,2019,cropland,5392.86,,61.63,11220154.65
14,2019,grassland,9886.91,,61.63,11220154.65
14,2019,wetlands,8089.29,,61.63,11220154.65
14,2019,settlements,2247.03,,61.63,11220154.65
14,2019,other_land,12583.34,,61.63,11220154.65
14,2020,forest_land,55193.92,55193.92,62.00,16127569.63
14,2020,cropland,5008.16,,62.00,16127569.63
14,2020,grassland,9181.62,,62.00,16127569.63
14,2020,wetlands,7512.23,,62.00,16127569.63
14,2020,settlements,2086.73,,62.00,16127569.63
14,2020,other_land,11685.70,,62.00,16127569.63
14,2021,forest_land,63793.36,63793.36,63.40,19967676.73
14,2021,cropland,5198.73,,63.40,19967676.73
14,2021,grassland,9531.01,,63.40,19967676.73
14,2021,wetlands,7798.10,,63.40,19967676.73
14,2021,settlements,2166.14,,63.40,19967676.73
14,2021,other_land,12130.38,,63.40,19967676.73
14,2022,forest_land,49045.86,49045.86,64.22,12294274.42
14,2022,cropland,3681.33,,64.22,12294274.42
14,2022,grassland,6749.11,,64.22,12294274.42
14,2022,wetlands,5522.00,,64.22,12294274.42
14,2022,settlements,1533.89,,64.22,12294274.42
14,2022,other_land,8589.77,,64.22,12294274.42
15,2015,forest_land,47398.08,47398.08,64.19,13466352.66
15,2015,cropland,3311.59,,64.19,13466352.66
15,2015,grassland,6071.25,,64.19,13466352.66
15,2015,wetlands,4967.38,,64.19,13466352.66
15,2015,settlements,1379.83,,64.19,13466352.66
15,2015,other_land,7727.04,,64.19,13466352.66
15,2016,forest_land,30265.58,30265.58,63.27,8149690.63
15,2016,cropland,2838.65,,63.27,8149690.63
15,2016,grassland,5204.19,,63.27,8149690.63
15,2016,wetlands,4257.97,,63.27,8149690.63
15,2016,settlements,1182.77,,63.27,8149690.63
15,2016,other_land,6623.51,,63.27,8149690.63
15,2017,forest_land,44342.54,44342.54,64.30,9686346.61
15,2017,cropland,3445.48,,64.30,9686346.61
15,2017,grassland,6316.72,,64.30,9686346.61
15,2017,wetlands,5168.22,,64.30,9686346.61
15,2017,settlements,1435.62,,64.30,9686346.61
15,2017,other_land,8039.46,,64.30,9686346.61
15,2018,forest_land,31039.05,31039.05,62.38,6976315.86
15,2018,cropland,2978.29,,62.38,6976315.86
15,2018,grassland,5460.20,,62.38,6976315.86
15,2018,wetlands,4467.44,,62.38,6976315.86
15,2018,settlements,1240.96,,62.38,6976315.86
15,2018,other_land,6949.35,,62.38,6976315.86
15,2019,forest_land,25504.67,25504.67,63.92,7068695.45
15,2019,cropland,2351.60,,63.92,7068695.45
15,2019,grassland,4311.26,,63.92,7068695.45
15,2019,wetlands,3527.39,,63.92,7068695.45
15,2019,settlements,979.83,,63.92,7068695.45
15,2019,other_land,5487.06,,63.92,7068695.45
15,2020,forest_land,23349.51,23349.51,64.57,5976670.80
15,2020,cropland,1960.70,,64.57,5976670.80
15,2020,grassland,3594.62,,64.57,5976670.80
15,2020,wetlands,2941.06,,64.57,5976670.80
15,2020,settlements,816.96,,64.57,5976670.80
15,2020,other_land,4574.97,,64.57,5976670.80
15,2021,forest_land,29204.65,29204.65,63.85,8956405.41
15,2021,cropland,2507.31,,63.85,8956405.41
15,2021,grassland,4596.74,,63.85,8956405.41
15,2021,wetlands,3760.97,,63.85,8956405.41
15,2021,settlements,1044.71,,63.85,8956405.41
15,2021,other_land,5850.39,,63.85,8956405.41
15,2022,forest_land,54136.66,54136.66,64.50,15547141.82
15,2022,cropland,3796.38,,64.50,15547141.82
15,2022,grassland,6960.03,,64.50,15547141.82
15,2022,wetlands,5694.57,,64.50,15547141.82
15,2022,settlements,1581.83,,64.50,15547141.82
15,2022,other_land,8858.22,,64.50,15547141.82
16,2015,forest_land,20483.75,20483.75,64.04,5847834.22
16,2015,cropland,1793.60,,64.04,5847834.22
16,2015,grassland,3288.27,,64.04,5847834.22
16,2015,wetlands,2690.40,,64.04,5847834.22
16,2015,settlements,747.33,,64.04,5847834.22
16,2015,other_land,4185.07,,64.04,5847834.22
16,2016,forest_land,62647.92,62647.92,65.61,17832867.96
16,2016,cropland,5034.30,,65.61,17832867.96
16,2016,grassland,9229.55,,65.61,17832867.96
16,2016,wetlands,7551.45,,65.61,17832867.96
16,2016,settlements,2097.62,,65.61,17832867.96
16,2016,other_land,11746.70,,65.61,17832867.96
16,2017,forest_land,45254.90,45254.90,64.84,9536067.77
16,2017,cropland,4053.91,,64.84,9536067.77
16,2017,grassland,7432.16,,64.84,9536067.77
16,2017,wetlands,6080.86,,64.84,9536067.77
16,2017,settlements,1689.13,,64.84,9536067.77
16,2017,other_land,9459.11,,64.84,9536067.77
16,2018,forest_land,21610.16,21610.16,64.66,5944518.56
16,2018,cropland,1861.04,,64.66,5944518.56
16,2018,grassland,3411.90,,64.66,5944518.56
16,2018,wetlands,2791.56,,64.66,5944518.56
16,2018,settlements,775.43,,64.66,5944518.56
16,2018,other_land,4342.42,,64.66,5944518.56
16,2019,forest_land,28013.92,28013.92,64.71,5543055.07
16,2019,cropland,2284.12,,64.71,5543055.07
16,2019,grassland,4187.56,,64.71,5543055.07
16,2019,wetlands,3426.18,,64.71,5543055.07
16,2019,settlements,951.72,,64.71,5543055.07
16,2019,other_land,5329.62,,64.71,5543055.07
16,2020,forest_land,22019.02,22019.02,65.52,5703254.24
16,2020,cropland,1793.94,,65.52,5703254.24
16,2020,grassland,3288.90,,65.52,5703254.24
16,2020,wetlands,2690.92,,65.52,5703254.24
16,2020,settlements,747.48,,65.52,5703254.24
16,2020,other_land,4185.87,,65.52,5703254.24
16,2021,forest_land,45547.44,45547.44,63.88,11142624.41
16,2021,cropland,4364.79,,63.88,11142624.41
16,2021,grassland,8002.12,,63.88,11142624.41
16,2021,wetlands,6547.19,,63.88,11142624.41
16,2021,settlements,1818.66,,63.88,11142624.41
16,2021,other_land,10184.52,,63.88,11142624.41
16,2022,forest_land,35424.22,35424.22,64.10,7997314.98
16,2022,cropland,3270.04,,64.10,7997314.98
16,2022,grassland,5995.08,,64.10,7997314.98
16,2022,wetlands,4905.07,,64.10,7997314.98
16,2022,settlements,1362.52,,64.10,7997314.98
16,2022,other_land,7630.10,,64.10,7997314.98
17,2015,forest_land,40059.07,40059.07,66.38,11876289.00
17,2015,cropland,2714.06,,66.38,11876289.00
17,2015,grassland,4975.77,,66.38,11876289.00
17,2015,wetlands,4071.09,,66.38,11876289.00
17,2015,settlements,1130.86,,66.38,11876289.00
17,2015,other_land,6332.80,,66.38,11876289.00
17,2016,forest_land,22720.81,22720.81,65.01,5805591.14
17,2016,cropland,2191.00,,65.01,5805591.14
17,2016,grassland,4016.84,,65.01,5805591.14
17,2016,wetlands,3286.50,,65.01,5805591.14
17,2016,settlements,912.92,,65.01,5805591.14
17,2016,other_land,5112.34,,65.01,5805591.14
17,2017,forest_land,38667.01,38667.01,67.40,11189175.11
17,2017,cropland,2625.61,,67.40,11189175.11
17,2017,grassland,4813.62,,67.40,11189175.11
17,2017,wetlands,3938.42,,67.40,11189175.11
17,2017,settlements,1094.00,,67.40,11189175.11
17,2017,other_land,6126.43,,67.40,11189175.11
17,2018,forest_land,59441.30,59441.30,66.51,12358469.81
17,2018,cropland,3674.13,,66.51,12358469.81
17,2018,grassland,6735.90,,66.51,12358469.81
17,2018,wetlands,5511.19,,66.51,12358469.81
17,2018,settlements,1530.89,,66.51,12358469.81
17,2018,other_land,8572.96,,66.51,12358469.81
17,2019,forest_land,25955.36,25955.36,64.76,7104609.84
17,2019,cropland,2420.23,,64.76,7104609.84
17,2019,grassland,4437.08,,64.76,7104609.84
17,2019,wetlands,3630.34,,64.76,7104609.84
17,2019,settlements,1008.43,,64.76,7104609.84
17,2019,other_land,5647.20,,64.76,7104609.84
17,2020,forest_land,32350.22,32350.22,66.54,9296345.29
17,2020,cropland,2227.34,,66.54,9296345.29
17,2020,grassland,4083.46,,66.54,9296345.29
17,2020,wetlands,3341.01,,66.54,9296345.29
17,2020,settlements,928.06,,66.54,9296345.29
17,2020,other_land,5197.13,,66.54,9296345.29
17,2021,forest_land,49998.42,49998.42,65.50,9801420.64
17,2021,cropland,3519.68,,65.50,9801420.64
17,2021,grassland,6452.74,,65.50,9801420.64
17,2021,wetlands,5279.52,,65.50,9801420.64
17,2021,settlements,1466.53,,65.50,9801420.64
17,2021,other_land,8212.58,,65.50,9801420.64
17,2022,forest_land,61739.78,61739.78,67.61,11335114.35
17,2022,cropland,5242.18,,67.61,11335114.35
17,2022,grassland,9610.66,,67.61,11335114.35
17,2022,wetlands,7863.27,,67.61,11335114.35
17,2022,settlements,2184.24,,67.61,11335114.35
17,2022,other_land,12231.75,,67.61,11335114.35
18,2015,forest_land,55582.84,55582.84,66.24,13091517.55
18,2015,cropland,3463.62,,66.24,13091517.55
18,2015,grassland,6349.97,,66.24,13091517.55
18,2015,wetlands,5195.43,,66.24,13091517.55
18,2015,settlements,1443.18,,66.24,13091517.55
18,2015,other_land,8081.78,,66.24,13091517.55
18,2016,forest_land,26136.31,26136.31,67.60,6999667.07
18,2016,cropland,1729.37,,67.60,6999667.07
18,2016,grassland,3170.52,,67.60,6999667.07
18,2016,wetlands,2594.06,,67.60,6999667.07
18,2016,settlements,720.57,,67.60,6999667.07
18,2016,other_land,4035.20,,67.60,6999667.07
18,2017,forest_land,58879.38,58879.38,65.91,15547549.64
18,2017,cropland,3901.41,,65.91,15547549.64
18,2017,grassland,7152.58,,65.91,15547549.64
18,2017,wetlands,5852.11,,65.91,15547549.64
18,2017,settlements,1625.59,,65.91,15547549.64
18,2017,other_land,9103.28,,65.91,15547549.64
18,2018,forest_land,68319.88,68319.88,66.11,15618506.96
18,2018,cropland,4620.09,,66.11,15618506.96
18,2018,grassland,8470.17,,66.11,15618506.96
18,2018,wetlands,6930.14,,66.11,15618506.96
18,2018,settlements,1925.04,,66.11,15618506.96
18,2018,other_land,10780.21,,66.11,15618506.96
18,2019,forest_land,38600.06,38600.06,67.19,8792027.65
18,2019,cropland,2814.19,,67.19,8792027.65
18,2019,grassland,5159.35,,67.19,8792027.65
18,2019,wetlands,4221.29,,67.19,8792027.65
18,2019,settlements,1172.58,,67.19,8792027.65
18,2019,other_land,6566.45,,67.19,8792027.65
18,2020,forest_land,56443.06,56443.06,68.60,17751921.37
18,2020,cropland,4630.45,,68.60,17751921.37
18,2020,grassland,8489.16,,68.60,17751921.37
18,2020,wetlands,6945.68,,68.60,17751921.37
18,2020,settlements,1929.35,,68.60,17751921.37
18,2020,other_land,10804.39,,68.60,17751921.37
18,2021,forest_land,62183.53,62183.53,68.11,14984252.25
18,2021,cropland,3997.45,,68.11,14984252.25
18,2021,grassland,7328.66,,68.11,14984252.25
18,2021,wetlands,5996.18,,68.11,14984252.25
18,2021,settlements,1665.61,,68.11,14984252.25
18,2021,other_land,9327.39,,68.11,14984252.25
18,2022,forest_land,64390.91,64390.91,68.55,18876060.73
18,2022,cropland,4930.64,,68.55,18876060.73
18,2022,grassland,9039.51,,68.55,18876060.73
18,2022,wetlands,7395.96,,68.55,18876060.73
18,2022,settlements,2054.43,,68.55,18876060.73
18,2022,other_land,11504.83,,68.55,18876060.73
19,2015,forest_land,43827.50,43827.50,68.11,12374417.72
19,2015,cropland,3176.14,,68.11,12374417.72
19,2015,grassland,5822.92,,68.11,12374417.72
19,2015,wetlands,4764.21,,68.11,12374417.72
19,2015,settlements,1323.39,,68.11,12374417.72
19,2015,other_land,7410.99,,68.11,12374417.72
19,2016,forest_land,63885.29,63885.29,67.46,12274460.20
19,2016,cropland,3994.77,,67.46,12274460.20
19,2016,grassland,7323.75,,67.46,12274460.20
19,2016,wetlands,5992.16,,67.46,12274460.20
19,2016,settlements,1664.49,,67.46,12274460.20
19,2016,other_land,9321.14,,67.46,12274460.20
19,2017,forest_land,33724.08,33724.08,69.44,8951936.54
19,2017,cropland,2289.35,,69.44,8951936.54
19,2017,grassland,4197.15,,69.44,8951936.54
19,2017,wetlands,3434.03,,69.44,8951936.54
19,2017,settlements,953.90,,69.44,8951936.54
19,2017,other_land,5341.83,,69.44,8951936.54
19,2018,forest_land,24692.26,24692.26,68.09,5073211.51
19,2018,cropland,1488.34,,68.09,5073211.51
19,2018,grassland,2728.63,,68.09,5073211.51
19,2018,wetlands,2232.51,,68.09,5073211.51
19,2018,settlements,620.14,,68.09,5073211.51
19,2018,other_land,3472.80,,68.09,5073211.51
19,2019,forest_land,56909.09,56909.09,67.74,17257384.36
19,2019,cropland,4359.92,,67.74,17257384.36
19,2019,grassland,7993.19,,67.74,17257384.36
19,2019,wetlands,6539.88,,67.74,17257384.36
19,2019,settlements,1816.63,,67.74,17257384.36
19,2019,other_land,10173.15,,67.74,17257384.36
19,2020,forest_land,32579.85,32579.85,69.35,10188655.54
19,2020,cropland,2710.53,,69.35,10188655.54
19,2020,grassland,4969.31,,69.35,10188655.54
19,2020,wetlands,4065.80,,69.35,10188655.54
19,2020,settlements,1129.39,,69.35,10188655.54
19,2020,other_land,6324.57,,69.35,10188655.54
19,2021,forest_land,54699.21,54699.21,67.66,15651798.99
19,2021,cropland,3943.95,,67.66,15651798.99
19,2021,grassland,7230.57,,67.66,15651798.99
19,2021,wetlands,5915.92,,67.66,15651798.99
19,2021,settlements,1643.31,,67.66,15651798.99
19,2021,other_land,9202.55,,67.66,15651798.99
19,2022,forest_land,52826.60,52826.60,69.62,15373100.05
19,2022,cropland,3518.92,,69.62,15373100.05
19,2022,grassland,6451.35,,69.62,15373100.05
19,2022,wetlands,5278.38,,69.62,15373100.05
19,2022,settlements,1466.22,,69.62,15373100.05
19,2022,other_land,8210.81,,69.62,15373100.05
20,2015,forest_land,33181.00,33181.00,67.98,7395011.14
20,2015,cropland,2159.46,,67.98,7395011.14
20,2015,grassland,3959.02,,67.98,7395011.14
20,2015,wetlands,3239.20,,67.98,7395011.14
20,2015,settlements,899.78,,67.98,7395011.14
20,2015,other_land,5038.75,,67.98,7395011.14
20,2016,forest_land,44996.08,44996.08,69.59,10779735.54
20,2016,cropland,2946.23,,69.59,10779735.54
20,2016,grassland,5401.43,,69.59,10779735.54
20,2016,wetlands,4419.35,,69.59,10779735.54
20,2016,settlements,1227.60,,69.59,10779735.54
20,2016,other_land,6874.54,,69.59,10779735.54
20,2017,forest_land,39692.40,39692.40,70.24,8650097.06
20,2017,cropland,2334.64,,70.24,8650097.06
20,2017,grassland,4280.18,,70.24,8650097.06
20,2017,wetlands,3501.97,,70.24,8650097.06
20,2017,settlements,972.77,,70.24,8650097.06
20,2017,other_land,5447.50,,70.24,8650097.06
20,2018,forest_land,26529.64,26529.64,68.90,5219379.38
20,2018,cropland,2073.39,,68.90,5219379.38
20,2018,grassland,3801.21,,68.90,5219379.38
20,2018,wetlands,3110.08,,68.90,5219379.38
20,2018,settlements,863.91,,68.90,5219379.38
20,2018,other_land,4837.91,,68.90,5219379.38
20,2019,forest_land,55619.29,55619.29,69.91,11696394.55
20,2019,cropland,4202.47,,69.91,11696394.55
20,2019,grassland,7704.52,,69.91,11696394.55
20,2019,wetlands,6303.70,,69.91,11696394.55
20,2019,settlements,1751.03,,69.91,11696394.55
20,2019,other_land,9805.75,,69.91,11696394.55
20,2020,forest_land,61225.09,61225.09,69.90,15517447.31
20,2020,cropland,3200.35,,69.90,15517447.31
20,2020,grassland,5867.32,,69.90,15517447.31
20,2020,wetlands,4800.53,,69.90,15517447.31
20,2020,settlements,1333.48,,69.90,15517447.31
20,2020,other_land,7467.49,,69.90,15517447.31
20,2021,forest_land,25849.22,25849.22,69.45,5476096.64
20,2021,cropland,1978.70,,69.45,5476096.64
20,2021,grassland,3627.62,,69.45,5476096.64
20,2021,wetlands,2968.05,,69.45,5476096.64
20,2021,settlements,824.46,,69.45,5476096.64
20,2021,other_land,4616.97,,69.45,5476096.64
20,2022,forest_land,23221.89,23221.89,69.29,5071743.87
20,2022,cropland,1537.31,,69.29,5071743.87
20,2022,grassland,2818.41,,69.29,5071743.87
20,2022,wetlands,2305.97,,69.29,5071743.87
20,2022,settlements,640.55,,69.29,5071743.87
20,2022,other_land,3587.06,,69.29,5071743.87
