dzongkhag_id,year,lulucf_category,emissions_tco2e,removals_tco2e,net_flux_tco2e
1,2015,forest_land,133003.85,3917743.78,-3784739.93
1,2015,cropland,897417.39,18839.56,878577.83
1,2015,grassland,267115.30,88905.44,178209.86
1,2015,wetlands,71090.38,30832.89,40257.49
1,2015,settlements,669396.94,40832.82,628564.13
1,2015,other_land,22905.46,7311.95,15593.50
1,2016,forest_land,121659.38,3811403.51,-3689744.13
1,2016,cropland,1022115.65,38049.52,984066.12
1,2016,grassland,68520.54,105533.48,-37012.94
1,2016,wetlands,13752.64,11713.89,2038.74
1,2016,settlements,762839.60,31268.49,731571.11
1,2016,other_land,79574.27,10330.32,69243.95
1,2017,forest_land,140947.65,3246219.03,-3105271.38
1,2017,cropland,990740.83,25798.10,964942.73
1,2017,grassland,180643.13,84061.74,96581.40
1,2017,wetlands,40990.47,43707.50,-2717.03
1,2017,settlements,1190031.26,31376.62,1158654.64
1,2017,other_land,53471.91,32433.39,21038.52
1,2018,forest_land,192138.53,3168285.78,-2976147.25
1,2018,cropland,407787.91,24771.76,383016.14
1,2018,grassland,215107.03,48846.85,166260.18
1,2018,wetlands,22166.95,8377.92,13789.03
1,2018,settlements,202675.72,41535.26,161140.46
1,2018,other_land,51566.78,18106.67,33460.12
1,2019,forest_land,156043.37,1540723.95,-1384680.58
1,2019,cropland,902987.56,41782.19,861205.37
1,2019,grassland,221846.23,140869.33,80976.90
1,2019,wetlands,65147.96,33127.61,32020.35
1,2019,settlements,861183.04,75356.79,785826.25
1,2019,other_land,39759.73,29505.31,10254.42
1,2020,forest_land,186261.72,2872431.11,-2686169.40
1,2020,cropland,1026631.16,14998.69,1011632.47
1,2020,grassland,91480.70,66913.42,24567.28
1,2020,wetlands,62427.04,30614.32,31812.72
1,2020,settlements,488610.59,18704.76,469905.83
1,2020,other_land,58207.46,36488.02,21719.44
1,2021,forest_land,125070.83,3816563.97,-3691493.14
1,2021,cropland,693795.22,15630.93,678164.29
1,2021,grassland,59965.20,81843.44,-21878.24
1,2021,wetlands,32562.51,16266.56,16295.96
1,2021,settlements,291326.89,77333.78,213993.11
1,2021,other_land,68517.10,30883.96,37633.14
1,2022,forest_land,199935.86,3842516.09,-3642580.23
1,2022,cropland,872281.58,28865.77,843415.81
1,2022,grassland,60057.92,120752.26,-60694.34
1,2022,wetlands,42935.06,34317.93,8617.13
1,2022,settlements,1116072.79,22704.24,1093368.55
1,2022,other_land,50973.07,33565.31,17407.76
2,2015,forest_land,63686.36,2373522.57,-2309836.21
2,2015,cropland,547961.06,33331.59,514629.47
2,2015,grassland,217533.38,132927.97,84605.41
2,2015,wetlands,33086.26,36215.32,-3129.06
2,2015,settlements,488217.80,76163.55,412054.25
2,2015,other_land,66949.62,29754.35,37195.28
2,2016,forest_land,97177.57,2255442.91,-2158265.33
2,2016,cropland,523273.79,77912.93,445360.86
2,2016,grassland,151043.76,91751.55,59292.21
2,2016,wetlands,79168.35,34594.72,44573.63
2,2016,settlements,742593.59,38927.33,703666.26
2,2016,other_land,23130.78,21280.07,1850.71
2,2017,forest_land,143811.31,3220618.09,-3076806.78
2,2017,cropland,959990.54,24249.08,935741.46
2,2017,grassland,187304.91,141320.73,45984.18
2,2017,wetlands,40668.13,36421.25,4246.88
2,2017,settlements,321426.08,78120.28,243305.81
2,2017,other_land,52621.02,15768.39,36852.63
2,2018,forest_land,132625.85,1306810.12,-1174184.27
2,2018,cropland,752251.41,16524.64,735726.76
2,2018,grassland,298064.28,139551.59,158512.70
2,2018,wetlands,42301.35,10285.98,32015.38
2,2018,settlements,1032143.17,44886.29,987256.89
2,2018,other_land,60162.23,27899.24,32262.99
2,2019,forest_land,175208.59,1674959.67,-1499751.08
2,2019,cropland,1180244.63,27061.16,1153183.47
2,2019,grassland,187816.27,76030.32,111785.95
2,2019,wetlands,74530.77,27870.84,46659.93
2,2019,settlements,1079326.26,70481.89,1008844.37
2,2019,other_land,29337.32,40550.28,-11212.96
2,2020,forest_land,190137.26,2127815.76,-1937678.50
2,2020,cropland,707737.68,67438.46,640299.21
2,2020,grassland,120709.75,65826.70,54883.04
2,2020,wetlands,51085.64,49950.60,1135.04
2,2020,settlements,689640.35,20401.68,669238.67
2,2020,other_land,47700.64,20530.58,27170.06
2,2021,forest_land,131514.51,2566135.73,-2434621.23
2,2021,cropland,655344.62,32524.41,622820.20
2,2021,grassland,97163.09,113699.81,-16536.72
2,2021,wetlands,50025.83,15510.31,34515.52
2,2021,settlements,975544.48,13055.31,962489.16
2,2021,other_land,62129.36,36735.25,25394.11
2,2022,forest_land,107911.81,3396508.49,-3288596.68
2,2022,cropland,863688.83,67452.33,796236.50
2,2022,grassland,295204.53,89439.44,205765.10
2,2022,wetlands,12591.37,27603.10,-15011.73
2,2022,settlements,790180.43,70879.02,719301.41
2,2022,other_land,71193.33,24813.78,46379.55
3,2015,forest_land,118539.21,2483043.48,-2364504.27
3,2015,cropland,922443.83,38698.50,883745.32
3,2015,grassland,213695.33,48523.35,165171.99
3,2015,wetlands,42864.34,48614.16,-5749.82
3,2015,settlements,538561.23,58489.32,480071.91
3,2015,other_land,55488.57,43329.44,12159.13
3,2016,forest_land,178901.33,3527492.28,-3348590.95
3,2016,cropland,580009.40,32166.28,547843.12
3,2016,grassland,229679.36,121128.22,108551.14
3,2016,wetlands,71066.81,6615.46,64451.35
3,2016,settlements,268420.75,54181.27,214239.48
3,2016,other_land,74465.04,49884.17,24580.87
3,2017,forest_land,115095.72,3189652.37,-3074556.65
3,2017,cropland,298443.13,54362.35,244080.78
3,2017,grassland,268144.81,83241.43,184903.38
3,2017,wetlands,58580.08,45654.08,12926.00
3,2017,settlements,245990.97,65730.04,180260.93
3,2017,other_land,30535.74,21867.85,8667.90
3,2018,forest_land,129674.95,1265823.35,-1136148.40
3,2018,cropland,765928.06,65476.36,700451.70
3,2018,grassland,92495.91,39476.20,53019.71
3,2018,wetlands,70958.77,32886.97,38071.81
3,2018,settlements,440829.79,73898.03,366931.76
3,2018,other_land,20018.24,25751.75,-5733.51
3,2019,forest_land,88299.01,1612727.49,-1524428.48
3,2019,cropland,209397.43,66324.32,143073.12
3,2019,grassland,275302.36,111313.31,163989.05
3,2019,wetlands,21058.29,24877.84,-3819.55
3,2019,settlements,545565.62,51130.02,494435.61
3,2019,other_land,54725.71,24093.90,30631.81
3,2020,forest_land,176795.59,1600314.32,-1423518.73
3,2020,cropland,399217.00,36928.53,362288.47
3,2020,grassland,170802.02,58464.68,112337.33
3,2020,wetlands,50034.59,30866.54,19168.05
3,2020,settlements,1192692.04,30666.15,1162025.89
3,2020,other_land,78456.11,34620.34,43835.77
3,2021,forest_land,134889.35,1678337.22,-1543447.86
3,2021,cropland,885799.49,62126.82,823672.67
3,2021,grassland,62261.06,102768.78,-40507.72
3,2021,wetlands,44770.91,45686.99,-916.08
3,2021,settlements,486194.15,65920.21,420273.94
3,2021,other_land,52494.55,20854.44,31640.11
3,2022,forest_land,143133.67,2837177.21,-2694043.54
3,2022,cropland,877764.46,60464.99,817299.47
3,2022,grassland,214795.39,130600.45,84194.93
3,2022,wetlands,53977.37,45653.17,8324.20
3,2022,settlements,846340.61,31625.30,814715.31
3,2022,other_land,40857.62,31080.82,9776.80
4,2015,forest_land,63520.01,3143551.26,-3080031.25
4,2015,cropland,495110.45,62323.66,432786.79
4,2015,grassland,93910.02,45859.18,48050.84
4,2015,wetlands,47758.54,48717.03,-958.49
4,2015,settlements,730852.37,73944.09,656908.29
4,2015,other_land,68133.08,16563.65,51569.43
4,2016,forest_land,122277.17,3439007.40,-3316730.23
4,2016,cropland,1006488.49,62259.15,944229.34
4,2016,grassland,134678.81,43820.36,90858.45
4,2016,wetlands,77402.53,11334.07,66068.46
4,2016,settlements,1166500.21,70209.84,1096290.37
4,2016,other_land,60695.17,49097.40,11597.77
4,2017,forest_land,170688.15,3895263.19,-3724575.04
4,2017,cropland,565775.05,65347.74,500427.31
4,2017,grassland,53479.66,94388.68,-40909.01
4,2017,wetlands,41835.02,35277.28,6557.74
4,2017,settlements,872340.80,50919.21,821421.59
4,2017,other_land,67569.21,47313.14,20256.08
4,2018,forest_land,85073.29,1146707.53,-1061634.24
4,2018,cropland,225024.65,71896.44,153128.21
4,2018,grassland,190351.85,139830.71,50521.14
4,2018,wetlands,25495.70,7844.77,17650.94
4,2018,settlements,1023855.35,73657.13,950198.22
4,2018,other_land,31153.31,23373.31,7780.00
4,2019,forest_land,191939.23,1247286.44,-1055347.21
4,2019,cropland,504364.58,44483.72,459880.86
4,2019,grassland,74298.00,136471.12,-62173.12
4,2019,wetlands,19496.48,25413.97,-5917.49
4,2019,settlements,870486.22,62019.81,808466.41
4,2019,other_land,76218.19,23860.70,52357.48
4,2020,forest_land,73178.44,3175260.85,-3102082.41
4,2020,cropland,614884.53,16931.51,597953.01
4,2020,grassland,172336.76,78973.91,93362.85
4,2020,wetlands,76606.51,6472.23,70134.27
4,2020,settlements,570529.96,41036.82,529493.14
4,2020,other_land,76538.86,43495.26,33043.60
4,2021,forest_land,152852.04,1117934.80,-965082.76
4,2021,cropland,744465.86,78448.98,666016.88
4,2021,grassland,139668.46,77776.76,61891.70
4,2021,wetlands,23286.60,10497.19,12789.41
4,2021,settlements,1048033.19,41830.22,1006202.97
4,2021,other_land,56393.81,33876.70,22517.11
4,2022,forest_land,53203.62,2710867.07,-2657663.45
4,2022,cropland,986794.59,27049.82,959744.77
4,2022,grassland,81480.97,97749.36,-16268.39
4,2022,wetlands,14802.71,39432.08,-24629.37
4,2022,settlements,407157.37,25116.59,382040.78
4,2022,other_land,70878.68,19785.18,51093.50
5,2015,forest_land,185079.66,1272173.38,-1087093.72
5,2015,cropland,202835.55,70088.43,132747.12
5,2015,grassland,86172.00,45599.06,40572.94
5,2015,wetlands,27545.79,12852.37,14693.42
5,2015,settlements,861057.64,11804.61,849253.03
5,2015,other_land,11040.22,40549.31,-29509.09
5,2016,forest_land,98565.72,1561381.14,-1462815.42
5,2016,cropland,374246.20,13667.93,360578.27
5,2016,grassland,235429.51,93130.26,142299.25
5,2016,wetlands,62196.57,26431.07,35765.50
5,2016,settlements,978017.04,45926.66,932090.38
5,2016,other_land,17633.78,27672.74,-10038.96
5,2017,forest_land,56504.76,3825330.06,-3768825.30
5,2017,cropland,983227.00,70688.66,912538.33
5,2017,grassland,180362.80,84965.10,95397.70
5,2017,wetlands,77481.83,7737.14,69744.69
5,2017,settlements,678981.91,38113.21,640868.70
5,2017,other_land,58026.82,27062.10,30964.73
5,2018,forest_land,61023.61,3711042.65,-3650019.05
5,2018,cropland,280790.48,52580.82,228209.66
5,2018,grassland,66420.56,63001.92,3418.64
5,2018,wetlands,54315.37,29676.04,24639.33
5,2018,settlements,525185.44,79623.94,445561.50
5,2018,other_land,47138.98,25417.19,21721.78
5,2019,forest_land,64876.77,2737365.73,-2672488.96
5,2019,cropland,901779.42,69695.49,832083.93
5,2019,grassland,212729.17,122275.53,90453.64
5,2019,wetlands,60458.79,14676.04,45782.76
5,2019,settlements,651554.92,25994.55,625560.37
5,2019,other_land,33725.21,25407.45,8317.76
5,2020,forest_land,64262.88,2131166.88,-2066904.00
5,2020,cropland,626764.01,56557.55,570206.46
5,2020,grassland,143575.26,48316.67,95258.58
5,2020,wetlands,74608.95,8021.00,66587.95
5,2020,settlements,1031771.89,16526.11,1015245.78
5,2020,other_land,16759.51,38245.82,-21486.31
5,2021,forest_land,133455.61,3397661.71,-3264206.10
5,2021,cropland,786465.08,49311.05,737154.03
5,2021,grassland,132411.50,44667.75,87743.74
5,2021,wetlands,34751.87,34940.32,-188.46
5,2021,settlements,950284.25,70766.45,879517.80
5,2021,other_land,60474.25,48577.94,11896.31
5,2022,forest_land,102746.93,2721312.29,-2618565.36
5,2022,cropland,777918.52,24891.72,753026.80
5,2022,grassland,214184.08,56909.38,157274.69
5,2022,wetlands,17575.29,43041.80,-25466.52
5,2022,settlements,567561.05,63382.39,504178.66
5,2022,other_land,50187.00,41324.96,8862.04
6,2015,forest_land,196181.99,3504496.52,-3308314.53
6,2015,cropland,1018426.86,52950.13,965476.73
6,2015,grassland,210674.79,33150.46,177524.33
6,2015,wetlands,75035.90,42325.74,32710.16
6,2015,settlements,467447.73,22629.13,444818.60
6,2015,other_land,59188.91,18904.31,40284.60
6,2016,forest_land,50915.87,1887438.90,-1836523.03
6,2016,cropland,1069862.71,49642.48,1020220.23
6,2016,grassland,150196.09,47024.96,103171.13
6,2016,wetlands,54322.04,6379.57,47942.47
6,2016,settlements,946111.76,25059.30,921052.46
6,2016,other_land,39388.27,20340.32,19047.96
6,2017,forest_land,158239.40,1984169.90,-1825930.50
6,2017,cropland,976835.62,49731.55,927104.07
6,2017,grassland,71239.26,36313.06,34926.20
6,2017,wetlands,21018.69,32802.72,-11784.03
6,2017,settlements,873968.71,29047.20,844921.51
6,2017,other_land,56335.71,26854.78,29480.93
6,2018,forest_land,90975.03,2214541.40,-2123566.37
6,2018,cropland,954943.14,17967.23,936975.92
6,2018,grassland,157478.41,63989.58,93488.83
6,2018,wetlands,57494.04,26898.47,30595.56
6,2018,settlements,867132.56,13179.22,853953.34
6,2018,other_land,37668.44,31969.62,5698.81
6,2019,forest_land,95212.90,824598.67,-729385.77
6,2019,cropland,411233.98,19606.44,391627.54
6,2019,grassland,113879.88,69374.68,44505.19
6,2019,wetlands,10541.09,38615.64,-28074.54
6,2019,settlements,375694.80,36614.52,339080.28
6,2019,other_land,59256.99,27511.81,31745.18
6,2020,forest_land,170930.03,3466733.45,-3295803.42
6,2020,cropland,272075.50,70323.51,201751.99
6,2020,grassland,60575.57,32248.98,28326.58
6,2020,wetlands,74481.37,43794.95,30686.42
6,2020,settlements,775759.16,50137.98,725621.18
6,2020,other_land,59664.93,23796.23,35868.70
6,2021,forest_land,53128.48,1168554.79,-1115426.31
6,2021,cropland,524768.18,66092.55,458675.63
6,2021,grassland,204531.32,129843.11,74688.21
6,2021,wetlands,74383.88,8965.84,65418.04
6,2021,settlements,1044484.36,27032.15,1017452.21
6,2021,other_land,51220.99,28578.31,22642.68
6,2022,forest_land,96541.18,2066453.43,-1969912.25
6,2022,cropland,539513.28,33314.80,506198.48
6,2022,grassland,92033.18,91257.99,775.18
6,2022,wetlands,17981.86,27947.84,-9965.98
6,2022,settlements,1105922.73,34456.27,1071466.46
6,2022,other_land,60916.54,41852.69,19063.85
7,2015,forest_land,85440.33,3408118.42,-3322678.09
7,2015,cropland,346444.22,23809.03,322635.19
7,2015,grassland,200599.75,121225.84,79373.91
7,2015,wetlands,55885.63,12971.58,42914.05
7,2015,settlements,972848.09,44588.19,928259.90
7,2015,other_land,62811.21,39194.47,23616.74
7,2016,forest_land,188623.14,2236496.82,-2047873.68
7,2016,cropland,764491.78,54470.88,710020.90
7,2016,grassland,206130.44,133709.62,72420.82
7,2016,wetlands,53905.22,11793.08,42112.14
7,2016,settlements,268286.26,40954.56,227331.69
7,2016,other_land,31197.43,17360.32,13837.12
7,2017,forest_land,126100.53,979750.78,-853650.25
7,2017,cropland,510407.85,41633.97,468773.88
7,2017,grassland,64222.51,129803.60,-65581.08
7,2017,wetlands,15371.17,43891.25,-28520.08
7,2017,settlements,1055293.37,53050.59,1002242.78
7,2017,other_land,45494.75,25822.02,19672.72
7,2018,forest_land,168772.67,2573812.39,-2405039.72
7,2018,cropland,1095876.77,41481.36,1054395.41
7,2018,grassland,252453.98,108220.49,144233.48
7,2018,wetlands,32506.87,26403.31,6103.57
7,2018,settlements,350861.08,14331.16,336529.92
7,2018,other_land,17245.13,45460.71,-28215.58
7,2019,forest_land,157147.33,1899000.88,-1741853.55
7,2019,cropland,704549.00,22079.12,682469.88
7,2019,grassland,111935.93,82530.99,29404.94
7,2019,wetlands,40759.53,28523.66,12235.86
7,2019,settlements,358746.21,36099.64,322646.57
7,2019,other_land,29802.55,23394.62,6407.93
7,2020,forest_land,139682.88,1882774.87,-1743091.99
7,2020,cropland,989226.93,55311.37,933915.56
7,2020,grassland,66477.96,41340.71,25137.25
7,2020,wetlands,57486.55,17786.61,39699.94
7,2020,settlements,923733.66,55959.49,867774.17
7,2020,other_land,73443.99,44297.58,29146.40
7,2021,forest_land,137410.93,1866758.52,-1729347.59
7,2021,cropland,341428.38,34487.46,306940.93
7,2021,grassland,291924.13,113817.60,178106.53
7,2021,wetlands,37437.06,31776.86,5660.20
7,2021,settlements,1138002.20,31670.73,1106331.47
7,2021,other_land,36367.55,40624.79,-4257.24
7,2022,forest_land,150517.46,3402191.31,-3251673.85
7,2022,cropland,1028958.97,61714.23,967244.75
7,2022,grassland,221353.61,93167.20,128186.41
7,2022,wetlands,55221.74,24053.29,31168.45
7,2022,settlements,561828.10,35381.84,526446.26
7,2022,other_land,22618.40,14638.67,7979.73
8,2015,forest_land,122940.64,3832538.46,-3709597.82
8,2015,cropland,426543.05,19629.57,406913.47
8,2015,grassland,69291.27,131331.41,-62040.14
8,2015,wetlands,17079.85,39689.36,-22609.51
8,2015,settlements,1035119.83,71857.75,963262.08
8,2015,other_land,12642.32,20154.40,-7512.07
8,2016,forest_land,69657.36,3252184.33,-3182526.98
8,2016,cropland,576719.87,21357.30,555362.57
8,2016,grassland,257836.26,122531.74,135304.53
8,2016,wetlands,66633.06,12449.26,54183.80
8,2016,settlements,637673.41,38760.10,598913.30
8,2016,other_land,57345.40,15688.86,41656.55
8,2017,forest_land,92739.19,2221435.87,-2128696.68
8,2017,cropland,948536.52,41424.96,907111.56
8,2017,grassland,183502.79,67136.15,116366.64
8,2017,wetlands,66603.67,26105.70,40497.97
8,2017,settlements,1035113.39,35748.87,999364.53
8,2017,other_land,76299.11,49299.79,26999.32
8,2018,forest_land,92265.76,2277375.93,-2185110.17
8,2018,cropland,581872.43,46922.19,534950.25
8,2018,grassland,291567.04,128026.95,163540.09
8,2018,wetlands,66088.15,11227.93,54860.21
8,2018,settlements,450003.21,54882.53,395120.68
8,2018,other_land,71188.19,29954.33,41233.85
8,2019,forest_land,176883.84,1128287.14,-951403.30
8,2019,cropland,1051166.05,29954.41,1021211.64
8,2019,grassland,240779.21,62734.96,178044.25
8,2019,wetlands,73371.43,11630.69,61740.75
8,2019,settlements,637472.56,76248.93,561223.63
8,2019,other_land,25542.66,25300.76,241.90
8,2020,forest_land,54000.53,1918672.25,-1864671.72
8,2020,cropland,253256.89,45140.50,208116.39
8,2020,grassland,108944.52,149343.04,-40398.52
8,2020,wetlands,36243.89,6268.44,29975.45
8,2020,settlements,1130825.90,68742.34,1062083.56
8,2020,other_land,55497.25,40612.13,14885.12
8,2021,forest_land,93031.91,1240318.68,-1147286.77
8,2021,cropland,1029761.58,58725.04,971036.54
8,2021,grassland,84698.17,114664.34,-29966.17
8,2021,wetlands,41402.10,5236.30,36165.80
8,2021,settlements,279225.77,27914.67,251311.10
8,2021,other_land,68447.42,29696.19,38751.23
8,2022,forest_land,129165.73,3127151.31,-2997985.59
8,2022,cropland,311186.86,30167.11,281019.75
8,2022,grassland,125287.80,35729.93,89557.87
8,2022,wetlands,39387.79,40725.46,-1337.67
8,2022,settlements,657113.62,17760.05,639353.56
8,2022,other_land,73360.28,31853.26,41507.03
9,2015,forest_land,127306.36,852593.13,-725286.77
9,2015,cropland,441938.13,20050.38,421887.76
9,2015,grassland,157309.72,103777.15,53532.57
9,2015,wetlands,26839.50,23745.54,3093.95
9,2015,settlements,864371.30,15992.98,848378.32
9,2015,other_land,78225.81,8045.57,70180.24
9,2016,forest_land,126099.15,2483390.23,-2357291.07
9,2016,cropland,1188331.49,48790.64,1139540.85
9,2016,grassland,147613.43,86416.21,61197.22
9,2016,wetlands,54496.96,49146.77,5350.18
9,2016,settlements,453650.26,11136.96,442513.30
9,2016,other_land,65196.40,20516.11,44680.29
9,2017,forest_land,144238.54,3145411.27,-3001172.72
9,2017,cropland,971501.37,61463.09,910038.29
9,2017,grassland,133129.65,35320.28,97809.37
9,2017,wetlands,48220.96,41607.90,6613.06
9,2017,settlements,375089.13,64539.98,310549.15
9,2017,other_land,42523.60,36292.52,6231.09
9,2018,forest_land,171724.65,2821554.71,-2649830.06
9,2018,cropland,263100.54,64333.33,198767.21
9,2018,grassland,164419.89,65213.11,99206.79
9,2018,wetlands,13066.44,13976.14,-909.70
9,2018,settlements,241905.94,75335.97,166569.97
9,2018,other_land,46076.85,49510.52,-3433.67
9,2019,forest_land,87997.06,2537698.23,-2449701.17
9,2019,cropland,953290.92,23377.24,929913.68
9,2019,grassland,139243.54,123700.99,15542.56
9,2019,wetlands,70605.88,19936.61,50669.27
9,2019,settlements,324475.01,35761.34,288713.67
9,2019,other_land,72264.06,38448.85,33815.21
9,2020,forest_land,107996.72,3662839.98,-3554843.27
9,2020,cropland,1173723.58,44734.23,1128989.36
9,2020,grassland,174380.85,140917.26,33463.59
9,2020,wetlands,46349.31,41051.66,5297.65
9,2020,settlements,927081.32,15524.89,911556.43
9,2020,other_land,52171.73,42005.36,10166.37
9,2021,forest_land,98181.71,2545518.07,-2447336.36
9,2021,cropland,280068.91,56264.35,223804.57
9,2021,grassland,126623.96,102314.60,24309.37
9,2021,wetlands,39828.13,36039.42,3788.71
9,2021,settlements,551546.98,12964.86,538582.12
9,2021,other_land,70902.60,20865.17,50037.43
9,2022,forest_land,91183.30,3994081.91,-3902898.61
9,2022,cropland,1180027.28,76353.31,1103673.97
9,2022,grassland,68760.29,106501.50,-37741.21
9,2022,wetlands,35431.78,41049.32,-5617.54
9,2022,settlements,879410.61,76695.26,802715.35
9,2022,other_land,19994.56,32340.78,-12346.22
10,2015,forest_land,55219.84,3300198.30,-3244978.46
10,2015,cropland,267233.36,64496.08,202737.29
10,2015,grassland,141582.12,75942.53,65639.59
10,2015,wetlands,49707.12,32229.27,17477.86
10,2015,settlements,879062.06,76417.65,802644.41
10,2015,other_land,36040.94,39338.80,-3297.86
10,2016,forest_land,129418.98,2636549.69,-2507130.71
10,2016,cropland,598034.05,55469.25,542564.79
10,2016,grassland,112402.91,43613.83,68789.08
10,2016,wetlands,61497.24,27456.98,34040.26
10,2016,settlements,586987.38,49317.09,537670.29
10,2016,other_land,28324.37,16713.04,11611.33
10,2017,forest_land,199454.77,2228073.96,-2028619.19
10,2017,cropland,485576.88,74153.52,411423.35
10,2017,grassland,172800.05,44716.49,128083.56
10,2017,wetlands,69697.84,25341.92,44355.92
10,2017,settlements,1098679.03,41157.78,1057521.25
10,2017,other_land,16145.35,35686.82,-19541.46
10,2018,forest_land,97938.17,3505667.90,-3407729.73
10,2018,cropland,547425.29,14545.74,532879.56
10,2018,grassland,185542.84,136959.80,48583.04
10,2018,wetlands,69595.34,37031.41,32563.93
10,2018,settlements,1127324.46,54639.00,1072685.46
10,2018,other_land,65558.75,27894.01,37664.74
10,2019,forest_land,80147.06,1188359.86,-1108212.80
10,2019,cropland,338876.87,65326.11,273550.76
10,2019,grassland,56571.01,96482.57,-39911.57
10,2019,wetlands,35823.78,41164.78,-5341.00
10,2019,settlements,751646.93,52836.39,698810.55
10,2019,other_land,16035.08,18918.08,-2883.00
10,2020,forest_land,157830.45,3998704.14,-3840873.69
10,2020,cropland,725695.65,63841.52,661854.14
10,2020,grassland,255834.85,38850.09,216984.76
10,2020,wetlands,78066.58,33905.24,44161.34
10,2020,settlements,649974.50,57607.63,592366.87
10,2020,other_land,34116.03,44508.21,-10392.17
10,2021,forest_land,145969.09,3296841.37,-3150872.28
10,2021,cropland,381963.14,77638.52,304324.61
10,2021,grassland,158154.57,139285.47,18869.10
10,2021,wetlands,13878.90,10587.25,3291.65
10,2021,settlements,353015.47,21526.00,331489.47
10,2021,other_land,32586.25,36919.95,-4333.69
10,2022,forest_land,191135.61,1907273.86,-1716138.26
10,2022,cropland,1094925.92,69215.36,1025710.56
10,2022,grassland,112651.33,106206.85,6444.48
10,2022,wetlands,48558.90,10632.66,37926.24
10,2022,settlements,502824.61,47343.46,455481.14
10,2022,other_land,45180.12,12588.62,32591.50
11,2015,forest_land,73129.14,3813142.36,-3740013.22
11,2015,cropland,858732.87,60444.29,798288.58
11,2015,grassland,201284.73,131103.60,70181.13
11,2015,wetlands,49453.26,42135.63,7317.63
11,2015,settlements,228373.49,13182.33,215191.16
11,2015,other_land,54901.76,30954.71,23947.06
11,2016,forest_land,165043.85,2883615.93,-2718572.08
11,2016,cropland,616586.78,54729.38,561857.40
11,2016,grassland,174509.52,105259.68,69249.83
11,2016,wetlands,30277.02,48049.26,-17772.24
11,2016,settlements,682944.82,66328.17,616616.65
11,2016,other_land,57949.36,18384.52,39564.83
11,2017,forest_land,58986.95,1033513.68,-974526.73
11,2017,cropland,639605.50,43897.58,595707.92
11,2017,grassland,101005.75,102799.23,-1793.48
11,2017,wetlands,31880.77,37326.33,-5445.55
11,2017,settlements,934199.75,70254.42,863945.34
11,2017,other_land,78276.19,10884.48,67391.71
11,2018,forest_land,134247.68,1985728.63,-1851480.95
11,2018,cropland,519115.89,42653.08,476462.81
11,2018,grassland,116867.92,59750.27,57117.65
11,2018,wetlands,16776.82,18059.54,-1282.72
11,2018,settlements,584149.83,53076.42,531073.41
11,2018,other_land,27378.92,43938.84,-16559.92
11,2019,forest_land,99115.37,1311038.92,-1211923.55
11,2019,cropland,777687.04,31890.04,745796.99
11,2019,grassland,240780.34,89791.87,150988.48
11,2019,wetlands,46030.74,27444.19,18586.55
11,2019,settlements,508540.48,11622.34,496918.14
11,2019,other_land,76166.30,27745.00,48421.30
11,2020,forest_land,82271.66,3893397.22,-3811125.55
11,2020,cropland,552895.09,13537.83,539357.26
11,2020,grassland,173723.55,135880.74,37842.81
11,2020,wetlands,55798.20,26176.41,29621.79
11,2020,settlements,736690.75,69302.07,667388.68
11,2020,other_land,40164.94,44710.51,-4545.56
11,2021,forest_land,164578.51,3128025.80,-2963447.29
11,2021,cropland,565937.35,38040.71,527896.64
11,2021,grassland,192570.41,53358.64,139211.77
11,2021,wetlands,48725.60,8308.93,40416.68
11,2021,settlements,704255.53,63508.29,640747.24
11,2021,other_land,29580.45,49509.08,-19928.63
11,2022,forest_land,67821.65,2977275.65,-2909454.00
11,2022,cropland,1175082.82,37573.26,1137509.56
11,2022,grassland,248724.31,70690.24,178034.07
11,2022,wetlands,75726.40,38973.43,36752.97
11,2022,settlements,399057.88,45638.58,353419.31
11,2022,other_land,45005.45,7038.65,37966.80
12,2015,forest_land,99956.11,1238516.40,-1138560.29
12,2015,cropland,673744.15,41989.20,631754.95
12,2015,grassland,201565.13,91860.69,109704.44
12,2015,wetlands,32957.61,32588.07,369.54
12,2015,settlements,362502.05,79343.10,283158.94
12,2015,other_land,61752.36,18465.55,43286.81
12,2016,forest_land,174243.41,1876395.05,-1702151.64
12,2016,cropland,732339.83,59611.79,672728.04
12,2016,grassland,124947.64,127889.86,-2942.22
12,2016,wetlands,35785.05,35321.29,463.76
12,2016,settlements,1179898.03,50859.15,1129038.88
12,2016,other_land,65772.84,37639.59,28133.25
12,2017,forest_land,53997.07,3001739.68,-2947742.61
12,2017,cropland,674590.21,77694.95,596895.27
12,2017,grassland,245726.00,123139.44,122586.55
12,2017,wetlands,50434.41,37463.01,12971.40
12,2017,settlements,783523.28,21935.84,761587.43
12,2017,other_land,54031.77,32888.11,21143.66
12,2018,forest_land,72166.36,3491734.80,-3419568.44
12,2018,cropland,880726.90,12209.94,868516.96
12,2018,grassland,287051.29,43187.46,243863.83
12,2018,wetlands,11325.62,19116.16,-7790.55
12,2018,settlements,351431.26,58335.02,293096.24
12,2018,other_land,38726.42,39873.75,-1147.33
12,2019,forest_land,180922.66,3745667.04,-3564744.38
12,2019,cropland,935837.27,14359.69,921477.58
12,2019,grassland,84520.62,54881.00,29639.62
12,2019,wetlands,32753.47,34800.21,-2046.74
12,2019,settlements,725477.15,31962.68,693514.47
12,2019,other_land,22122.77,46045.59,-23922.82
12,2020,forest_land,103143.05,1895446.46,-1792303.41
12,2020,cropland,971989.78,60464.72,911525.06
12,2020,grassland,210827.27,113197.60,97629.68
12,2020,wetlands,52705.36,13651.89,39053.47
12,2020,settlements,446519.14,49066.07,397453.07
12,2020,other_land,25740.69,48780.98,-23040.29
12,2021,forest_land,93350.62,1752366.61,-1659015.99
12,2021,cropland,407277.79,59349.18,347928.62
12,2021,grassland,129260.19,71856.38,57403.81
12,2021,wetlands,75359.03,40793.24,34565.79
12,2021,settlements,473457.54,18531.19,454926.35
12,2021,other_land,57363.56,22086.24,35277.32
12,2022,forest_land,172756.62,3936513.72,-3763757.10
12,2022,cropland,1154608.86,66323.11,1088285.76
12,2022,grassland,122613.16,64515.64,58097.52
12,2022,wetlands,59989.89,20586.36,39403.53
12,2022,settlements,642376.11,27951.08,614425.03
12,2022,other_land,43535.55,14093.06,29442.49
13,2015,forest_land,189953.59,2523449.36,-2333495.77
13,2015,cropland,896171.30,19609.11,876562.19
13,2015,grassland,203919.26,100419.66,103499.60
13,2015,wetlands,26972.06,35142.53,-8170.47
13,2015,settlements,731041.49,54656.12,676385.37
13,2015,other_land,13674.38,23598.56,-9924.18
13,2016,forest_land,65081.74,3095545.78,-3030464.04
13,2016,cropland,970766.06,10362.70,960403.36
13,2016,grassland,187588.14,141491.96,46096.18
13,2016,wetlands,38483.52,47076.44,-8592.92
13,2016,settlements,1078399.62,43421.40,1034978.23
13,2016,other_land,23961.92,48376.13,-24414.21
13,2017,forest_land,146884.69,1827736.65,-1680851.96
13,2017,cropland,1107936.96,16262.25,1091674.71
13,2017,grassland,193533.34,94218.27,99315.07
13,2017,wetlands,60618.24,47150.12,13468.12
13,2017,settlements,1113229.73,22254.53,1090975.19
13,2017,other_land,71757.15,12910.49,58846.66
13,2018,forest_land,199575.77,3742831.40,-3543255.63
13,2018,cropland,596994.57,44676.87,552317.70
13,2018,grassland,284152.19,145455.77,138696.42
13,2018,wetlands,74822.78,44453.44,30369.34
13,2018,settlements,209267.17,49757.33,159509.84
13,2018,other_land,17511.05,49234.72,-31723.68
13,2019,forest_land,198364.92,1710597.29,-1512232.37
13,2019,cropland,743300.48,44573.87,698726.61
13,2019,grassland,284640.13,132127.17,152512.96
13,2019,wetlands,42761.45,13676.51,29084.94
13,2019,settlements,312646.76,21374.60,291272.16
13,2019,other_land,42124.01,16576.92,25547.09
13,2020,forest_land,160492.68,1395837.02,-1235344.34
13,2020,cropland,990767.66,49744.69,941022.98
13,2020,grassland,239320.69,51059.39,188261.30
13,2020,wetlands,69930.26,45366.92,24563.33
13,2020,settlements,1026989.83,46069.65,980920.18
13,2020,other_land,16071.64,35116.51,-19044.87
13,2021,forest_land,71091.78,1391299.84,-1320208.06
13,2021,cropland,523601.67,27363.30,496238.37
13,2021,grassland,115196.32,58262.55,56933.77
13,2021,wetlands,62762.97,47931.57,14831.40
13,2021,settlements,501945.84,60601.78,441344.06
13,2021,other_land,10800.50,34415.75,-23615.25
13,2022,forest_land,59318.65,3016859.49,-2957540.84
13,2022,cropland,318224.85,31476.44,286748.40
13,2022,grassland,151354.15,90302.46,61051.70
13,2022,wetlands,72658.29,36660.07,35998.22
13,2022,settlements,510977.95,18219.10,492758.85
13,2022,other_land,74129.13,18276.69,55852.44
14,2015,forest_land,82869.29,2766801.43,-2683932.14
14,2015,cropland,333568.78,20722.99,312845.79
14,2015,grassland,236933.71,102688.67,134245.04
14,2015,wetlands,39109.19,29715.55,9393.64
14,2015,settlements,670828.08,47626.24,623201.84
14,2015,other_land,56486.61,14828.52,41658.09
14,2016,forest_land,163210.93,1591889.37,-1428678.44
14,2016,cropland,1073135.06,15730.92,1057404.14
14,2016,grassland,161686.99,114451.94,47235.06
14,2016,wetlands,15467.19,30387.59,-14920.40
14,2016,settlements,261758.05,48335.45,213422.60
14,2016,other_land,45384.09,30771.58,14612.52
14,2017,forest_land,99217.65,1279527.62,-1180309.97
14,2017,cropland,720341.54,18136.80,702204.74
14,2017,grassland,101350.37,99977.72,1372.65
14,2017,wetlands,16365.92,27966.89,-11600.98
14,2017,settlements,1008692.08,41740.26,966951.82
14,2017,other_land,45927.35,25555.93,20371.42
14,2018,forest_land,119356.75,984757.70,-865400.95
14,2018,cropland,1006915.35,60629.61,946285.75
14,2018,grassland,148987.18,127974.39,21012.79
14,2018,wetlands,62206.31,31024.01,31182.31
14,2018,settlements,245289.80,34117.02,211172.78
14,2018,other_land,14463.19,49735.56,-35272.37
14,2019,forest_land,60352.87,3790664.96,-3730312.08
14,2019,cropland,1133775.56,12221.44,1121554.12
14,2019,grassland,152216.73,122276.65,29940.09
14,2019,wetlands,63607.94,49025.00,14582.94
14,2019,settlements,845880.82,39425.34,806455.48
14,2019,other_land,79499.96,22211.58,57288.38
14,2020,forest_land,186015.10,3582784.91,-3396769.82
14,2020,cropland,575645.53,57791.12,517854.41
14,2020,grassland,215448.13,94716.03,120732.10
14,2020,wetlands,55747.39,20649.64,35097.74
14,2020,settlements,378473.63,47608.09,330865.53
14,2020,other_land,47018.98,37753.62,9265.36
14,2021,forest_land,50520.99,1512608.69,-1462087.70
14,2021,cropland,222735.33,30885.41,191849.92
14,2021,grassland,218374.96,95333.44,123041.52
14,2021,wetlands,47235.35,42051.22,5184.13
14,2021,settlements,447512.04,34231.18,413280.86
14,2021,other_land,29295.48,47183.47,-17887.99
14,2022,forest_land,66926.70,3120076.63,-3053149.93
14,2022,cropland,1009478.18,39346.84,970131.34
14,2022,grassland,241513.37,136050.79,105462.57
14,2022,wetlands,11095.21,14273.67,-3178.47
14,2022,settlements,300896.71,12350.34,288546.37
14,2022,other_land,51844.94,36647.88,15197.06
15,2015,forest_land,161081.16,955764.23,-794683.07
15,2015,cropland,602265.35,26403.75,575861.60
15,2015,grassland,104317.30,133647.63,-29330.33
15,2015,wetlands,13951.08,27675.31,-13724.23
15,2015,settlements,489263.45,67105.04,422158.41
15,2015,other_land,61206.22,19350.67,41855.56
15,2016,forest_land,150879.79,2713336.56,-2562456.77
15,2016,cropland,520665.12,31123.51,489541.60
15,2016,grassland,85815.11,109225.49,-23410.38
15,2016,wetlands,25472.99,18522.54,6950.45
15,2016,settlements,260957.64,76396.42,184561.22
15,2016,other_land,71579.97,46020.99,25558.98
15,2017,forest_land,114080.09,2803178.04,-2689097.95
15,2017,cropland,695620.79,78060.32,617560.47
15,2017,grassland,285396.60,110561.10,174835.50
15,2017,wetlands,65006.32,19343.05,45663.27
15,2017,settlements,616324.63,20445.23,595879.40
15,2017,other_land,36352.21,38948.72,-2596.51
15,2018,forest_land,177401.14,2315260.23,-2137859.09
15,2018,cropland,500736.42,59530.38,441206.04
15,2018,grassland,251444.04,139768.94,111675.10
15,2018,wetlands,49367.02,48550.38,816.64
15,2018,settlements,757286.76,19386.49,737900.27
15,2018,other_land,27000.10,14150.15,12849.94
15,2019,forest_land,188333.92,2869458.72,-2681124.81
15,2019,cropland,1047133.39,16472.48,1030660.91
15,2019,grassland,231146.18,52857.79,178288.38
15,2019,wetlands,28792.31,35315.24,-6522.93
15,2019,settlements,802922.04,71153.43,731768.61
15,2019,other_land,23171.43,39276.34,-16104.91
15,2020,forest_land,133827.57,3117776.77,-2983949.20
15,2020,cropland,679394.21,70863.17,608531.04
15,2020,grassland,133241.08,144842.37,-11601.29
15,2020,wetlands,11073.36,47172.19,-36098.83
15,2020,settlements,1162077.56,18212.13,1143865.42
15,2020,other_land,79970.04,26551.44,53418.60
15,2021,forest_land,140660.23,1576298.18,-1435637.95
15,2021,cropland,404513.14,74058.85,330454.29
15,2021,grassland,188019.82,123061.67,64958.16
15,2021,wetlands,36646.32,29014.26,7632.07
15,2021,settlements,559259.56,28309.31,530950.24
15,2021,other_land,45897.16,27377.48,18519.68
15,2022,forest_land,197197.77,1115546.34,-918348.57
15,2022,cropland,669490.42,68781.18,600709.24
15,2022,grassland,278582.62,74484.59,204098.03
15,2022,wetlands,38975.11,30313.61,8661.50
15,2022,settlements,421274.10,20214.59,401059.51
15,2022,other_land,28254.19,47064.12,-18809.93
16,2015,forest_land,112636.71,2653257.36,-2540620.65
16,2015,cropland,352411.41,33090.57,319320.84
16,2015,grassland,144959.94,130003.53,14956.42
16,2015,wetlands,44951.10,34457.36,10493.75
16,2015,settlements,884846.61,28012.87,856833.74
16,2015,other_land,67511.44,48492.87,19018.56
16,2016,forest_land,123589.34,2853422.25,-2729832.92
16,2016,cropland,368233.65,65648.29,302585.36
16,2016,grassland,92316.43,116437.62,-24121.20
16,2016,wetlands,44182.14,46260.47,-2078.33
16,2016,settlements,742136.86,54926.66,687210.19
16,2016,other_land,14111.24,6522.07,7589.17
16,2017,forest_land,191778.22,3509431.63,-3317653.41
16,2017,cropland,868215.54,63503.72,804711.82
16,2017,grassland,153098.06,131105.37,21992.69
16,2017,wetlands,26200.34,36822.63,-10622.29
16,2017,settlements,209141.46,45401.30,163740.16
16,2017,other_land,36124.05,32802.59,3321.46
16,2018,forest_land,142477.90,2933615.13,-2791137.23
16,2018,cropland,683204.15,44149.81,639054.35
16,2018,grassland,51653.09,96197.23,-44544.14
16,2018,wetlands,10829.57,28823.79,-17994.23
16,2018,settlements,474740.74,78423.55,396317.18
16,2018,other_land,11199.98,41592.07,-30392.09
16,2019,forest_land,170925.15,2956905.45,-2785980.29
16,2019,cropland,1109773.37,17491.15,1092282.22
16,2019,grassland,74078.47,47867.70,26210.77
16,2019,wetlands,23435.24,28690.52,-5255.28
16,2019,settlements,1015214.39,28712.73,986501.66
16,2019,other_land,37782.75,21787.32,15995.43
16,2020,forest_land,134750.33,2099287.71,-1964537.38
16,2020,cropland,1190233.03,25810.01,1164423.02
16,2020,grassland,221010.41,131744.05,89266.35
16,2020,wetlands,55761.50,43619.86,12141.64
16,2020,settlements,959585.85,16545.04,943040.81
16,2020,other_land,36548.48,29871.56,6676.92
16,2021,forest_land,51417.53,979567.81,-928150.28
16,2021,cropland,371383.58,44990.09,326393.49
16,2021,grassland,158477.41,124125.16,34352.26
16,2021,wetlands,49609.96,43608.21,6001.75
16,2021,settlements,295361.84,46971.14,248390.69
16,2021,other_land,12978.62,14513.77,-1535.14
16,2022,forest_land,183133.15,3577974.05,-3394840.90
16,2022,cropland,675500.29,13259.34,662240.95
16,2022,grassland,68587.01,141070.18,-72483.16
16,2022,wetlands,72951.82,30357.94,42593.87
16,2022,settlements,232901.78,75013.65,157888.13
16,2022,other_land,32013.93,48266.11,-16252.19
17,2015,forest_land,162838.17,2678515.53,-2515677.36
17,2015,cropland,912711.40,37880.72,874830.68
17,2015,grassland,69234.37,49494.03,19740.34
17,2015,wetlands,26833.05,42559.28,-15726.22
17,2015,settlements,589156.61,72756.80,516399.80
17,2015,other_land,33221.09,39002.42,-5781.33
17,2016,forest_land,198271.69,1247841.90,-1049570.21
17,2016,cropland,924163.57,45055.50,879108.07
17,2016,grassland,293580.83,36443.57,257137.26
17,2016,wetlands,40596.18,42740.36,-2144.18
17,2016,settlements,540592.75,63830.40,476762.35
17,2016,other_land,76840.09,22851.64,53988.45
17,2017,forest_land,54443.85,3275375.73,-3220931.88
17,2017,cropland,473327.03,79481.01,393846.02
17,2017,grassland,172650.86,72697.34,99953.52
17,2017,wetlands,75880.00,24433.16,51446.84
17,2017,settlements,879694.86,56247.03,823447.82
17,2017,other_land,15998.59,32837.72,-16839.13
17,2018,forest_land,156966.28,3353776.56,-3196810.28
17,2018,cropland,282038.01,20795.47,261242.54
17,2018,grassland,227919.29,106068.11,121851.18
17,2018,wetlands,61775.87,19250.52,42525.35
17,2018,settlements,306550.92,10363.67,296187.25
17,2018,other_land,31578.72,21196.29,10382.43
17,2019,forest_land,69876.05,1663252.62,-1593376.57
17,2019,cropland,387391.78,41419.06,345972.73
17,2019,grassland,188685.00,78965.30,109719.70
17,2019,wetlands,11838.33,20926.14,-9087.81
17,2019,settlements,293064.26,51863.07,241201.19
17,2019,other_land,32710.12,22335.71,10374.42
17,2020,forest_land,108169.93,1733911.52,-1625741.59
17,2020,cropland,284699.52,73079.52,211619.99
17,2020,grassland,276301.89,147380.77,128921.13
17,2020,wetlands,50037.23,12631.23,37406.00
17,2020,settlements,580732.02,19718.80,561013.22
17,2020,other_land,31079.19,27190.58,3888.61
17,2021,forest_land,115201.44,1002454.88,-887253.44
17,2021,cropland,621102.34,43896.19,577206.15
17,2021,grassland,69230.34,60203.97,9026.37
17,2021,wetlands,27261.30,33126.52,-5865.21
17,2021,settlements,793806.40,23688.38,770118.02
17,2021,other_land,17488.07,18709.61,-1221.54
17,2022,forest_land,99832.58,3836235.08,-3736402.50
17,2022,cropland,820192.19,66285.35,753906.84
17,2022,grassland,132385.43,70168.35,62217.08
17,2022,wetlands,67083.28,43677.88,23405.40
17,2022,settlements,1174225.38,19528.71,1154696.66
17,2022,other_land,32446.56,47627.55,-15180.99
18,2015,forest_land,97127.49,1442724.76,-1345597.27
18,2015,cropland,1164574.62,77810.77,1086763.86
18,2015,grassland,122862.04,113394.93,9467.11
18,2015,wetlands,44370.51,30914.57,13455.94
18,2015,settlements,442424.30,36323.87,406100.43
18,2015,other_land,67154.62,22682.08,44472.54
18,2016,forest_land,134577.58,1164441.04,-1029863.46
18,2016,cropland,792227.03,48194.04,744033.00
18,2016,grassland,220428.16,96011.90,124416.26
18,2016,wetlands,76710.32,25773.00,50937.32
18,2016,settlements,908367.05,40691.85,867675.20
18,2016,other_land,30393.18,36177.59,-5784.40
18,2017,forest_land,169348.53,3420689.82,-3251341.29
18,2017,cropland,609141.59,44951.23,564190.37
18,2017,grassland,208334.01,59042.54,149291.47
18,2017,wetlands,56106.41,37185.64,18920.77
18,2017,settlements,989076.76,15177.56,973899.20
18,2017,other_land,79349.04,26565.56,52783.48
18,2018,forest_land,125991.90,2082576.31,-1956584.41
18,2018,cropland,1120392.18,58419.62,1061972.56
18,2018,grassland,185911.30,124886.51,61024.79
18,2018,wetlands,35167.06,45297.57,-10130.50
18,2018,settlements,736905.99,54672.63,682233.36
18,2018,other_land,15948.74,39602.93,-23654.20
18,2019,forest_land,103251.32,2904325.26,-2801073.94
18,2019,cropland,846999.85,13100.77,833899.08
18,2019,grassland,295902.05,111296.63,184605.42
18,2019,wetlands,37973.24,38870.72,-897.48
18,2019,settlements,1165716.78,40131.89,1125584.89
18,2019,other_land,10738.34,16643.23,-5904.88
18,2020,forest_land,127819.67,2434163.97,-2306344.30
18,2020,cropland,780518.30,50266.48,730251.82
18,2020,grassland,161444.64,76936.10,84508.54
18,2020,wetlands,64063.96,31486.55,32577.41
18,2020,settlements,700465.78,34147.72,666318.06
18,2020,other_land,11719.39,9704.72,2014.66
18,2021,forest_land,194259.18,2131121.37,-1936862.19
18,2021,cropland,316069.34,75847.33,240222.01
18,2021,grassland,85418.79,67426.84,17991.95
18,2021,wetlands,41873.28,14309.03,27564.25
18,2021,settlements,682926.00,43331.38,639594.62
18,2021,other_land,40671.62,36354.35,4317.27
18,2022,forest_land,95039.61,1820510.32,-1725470.71
18,2022,cropland,1010185.94,18055.97,992129.97
18,2022,grassland,262295.00,107756.39,154538.61
18,2022,wetlands,57399.75,12395.93,45003.82
18,2022,settlements,1183900.47,27073.91,1156826.56
18,2022,other_land,22211.73,12206.11,10005.62
19,2015,forest_land,193769.39,2591516.65,-2397747.25
19,2015,cropland,431855.55,38353.32,393502.23
19,2015,grassland,96112.94,106857.47,-10744.52
19,2015,wetlands,40249.41,6313.65,33935.76
19,2015,settlements,814106.94,23812.71,790294.23
19,2015,other_land,51454.22,22497.61,28956.61
19,2016,forest_land,80867.67,3055153.97,-2974286.30
19,2016,cropland,952325.50,66611.09,885714.41
19,2016,grassland,65640.94,42210.25,23430.69
19,2016,wetlands,71038.55,13413.19,57625.36
19,2016,settlements,525984.91,42028.53,483956.38
19,2016,other_land,28364.74,43818.64,-15453.91
19,2017,forest_land,145866.29,2488688.06,-2342821.77
19,2017,cropland,796970.83,52791.59,744179.24
19,2017,grassland,196751.18,71750.96,125000.22
19,2017,wetlands,69186.25,32781.32,36404.93
19,2017,settlements,1013738.25,59419.19,954319.07
19,2017,other_land,30821.14,32651.80,-1830.66
19,2018,forest_land,70092.17,1071206.30,-1001114.13
19,2018,cropland,317861.65,31376.60,286485.05
19,2018,grassland,95761.13,113212.39,-17451.26
19,2018,wetlands,45757.74,23820.76,21936.98
19,2018,settlements,337867.30,36859.70,301007.60
19,2018,other_land,23002.76,33597.57,-10594.81
19,2019,forest_land,146789.01,3018985.36,-2872196.35
19,2019,cropland,1199899.55,48843.88,1151055.67
19,2019,grassland,172410.51,46835.58,125574.92
19,2019,wetlands,32020.60,25295.04,6725.56
19,2019,settlements,253611.26,35132.74,218478.52
19,2019,other_land,10670.84,11144.06,-473.22
19,2020,forest_land,194574.36,3408691.01,-3214116.65
19,2020,cropland,705438.02,44647.89,660790.13
19,2020,grassland,221174.17,79875.65,141298.52
19,2020,wetlands,68792.43,26991.48,41800.95
19,2020,settlements,282670.63,12160.25,270510.38
19,2020,other_land,63273.96,18144.05,45129.92
19,2021,forest_land,130641.29,1679529.34,-1548888.05
19,2021,cropland,368208.98,42012.50,326196.48
19,2021,grassland,235629.56,121910.35,113719.22
19,2021,wetlands,48480.83,10094.49,38386.34
19,2021,settlements,314206.65,64257.91,249948.74
19,2021,other_land,67629.80,21508.78,46121.02
19,2022,forest_land,56241.58,3432354.97,-3376113.39
19,2022,cropland,918980.24,48244.73,870735.51
19,2022,grassland,297443.93,42289.97,255153.96
19,2022,wetlands,68104.95,38810.55,29294.40
19,2022,settlements,497708.94,79951.89,417757.05
19,2022,other_land,41481.26,20685.96,20795.30
20,2015,forest_land,115860.49,3413531.47,-3297670.99
20,2015,cropland,1193957.68,64294.22,1129663.47
20,2015,grassland,109236.51,127284.33,-18047.81
20,2015,wetlands,51154.67,20778.39,30376.28
20,2015,settlements,910753.96,54293.94,856460.02
20,2015,other_land,21618.71,11265.57,10353.14
20,2016,forest_land,81041.41,1461182.90,-1380141.49
20,2016,cropland,259357.83,34557.08,224800.75
20,2016,grassland,120271.25,94652.23,25619.03
20,2016,wetlands,32655.75,36682.42,-4026.67
20,2016,settlements,489333.24,28714.01,460619.23
20,2016,other_land,70061.18,49346.97,20714.21
20,2017,forest_land,64283.77,2973757.81,-2909474.04
20,2017,cropland,1162771.99,64998.37,1097773.62
20,2017,grassland,279692.18,149098.35,130593.83
20,2017,wetlands,70693.33,10709.97,59983.36
20,2017,settlements,1066078.79,27477.41,1038601.39
20,2017,other_land,59797.64,42281.68,17515.96
20,2018,forest_land,151435.18,3236715.48,-3085280.30
20,2018,cropland,689458.73,50419.79,639038.94
20,2018,grassland,117179.29,79707.01,37472.28
20,2018,wetlands,41639.42,33513.25,8126.17
20,2018,settlements,1080125.08,16516.63,1063608.45
20,2018,other_land,46092.94,17520.16,28572.79
20,2019,forest_land,105360.68,3796275.57,-3690914.89
20,2019,cropland,1150254.08,32910.25,1117343.83
20,2019,grassland,50618.27,122896.23,-72277.96
20,2019,wetlands,61290.68,37891.94,23398.74
20,2019,settlements,658449.26,56490.07,601959.19
20,2019,other_land,35075.59,7849.88,27225.71
20,2020,forest_land,82674.49,2510158.29,-2427483.80
20,2020,cropland,629643.10,24829.60,604813.50
20,2020,grassland,117134.21,129401.23,-12267.02
20,2020,wetlands,33642.86,31007.01,2635.85
20,2020,settlements,766142.11,43973.65,722168.46
20,2020,other_land,34061.77,35714.84,-1653.06
20,2021,forest_land,64936.21,954909.64,-889973.42
20,2021,cropland,983889.76,42170.72,941719.04
20,2021,grassland,81059.29,132918.19,-51858.90
20,2021,wetlands,40890.02,5030.42,35859.60
20,2021,settlements,1158031.77,24162.27,1133869.49
20,2021,other_land,58201.43,10936.09,47265.34
20,2022,forest_land,73846.62,2879991.04,-2806144.42
20,2022,cropland,1132725.56,29181.36,1103544.20
20,2022,grassland,213646.99,60046.71,153600.28
20,2022,wetlands,36029.06,45671.01,-9641.95
20,2022,settlements,365525.08,37743.91,327781.17
20,2022,other_land,31385.65,36474.86,-5089.21
